8355,Aadorf
5000,Aarau
5001,Aarau
5004,Aarau
5000,Aarau 1 Zustellung
5000,Aarau 3
5000,Aarau Kaserne
5000,Aarau Postauto Aargau
3270,Aarberg
4663,Aarburg
4663,Aarburg Zustellung
4912,Aarwangen
8607,Aathal-Seegräben
8522,Aawangen
1657,Abländschen
5646,Abtwil AG
9030,Abtwil SG
3725,Achseten
1123,Aclens
6716,Acquarossa
3715,Adelboden
3715,Adelboden Zustellung
8345,Adetswil
6043,Adligenswil
6043,Adligenswil Zustellung
8452,Adlikon b. Andelfingen
8106,Adlikon b. Regensdorf
8134,Adliswil
8134,Adliswil 1
8134,Adliswil 1 Zustellung
8134,Adliswil 2
4714,Aedermannsdorf
3426,Aefligen
2558,Aegerten
8412,Aesch (Neftenbach)
4147,Aesch BL
6287,Aesch LU
8904,Aesch ZH
3536,Aeschau
3703,Aeschi b. Spiez
4556,Aeschi SO
3703,Aeschiried
3672,Aeschlen b. Oberdiessbach
3656,Aeschlen ob Gunten
4583,Aetigkofen
4587,Aetingen
5645,Aettenschwil
8914,Aeugst am Albis
8914,Aeugstertal
9556,Affeltrangen
8910,Affoltern am A. Zustellung
8910,Affoltern am Albis
3416,Affoltern im Emmental
3951,Agarn
6597,Agarone
8308,Agasul
1352,Agiez
6982,Agno
6927,Agra
3216,Agriswil
1860,Aigle
1860,Aigle Distribution
1860,Aigle Gare CFF
1219,Aïre
1219,Aïre Cases
1288,Aire-la-Ville
6780,Airolo
6780,Airolo Caserma
6248,Alberswil
1669,Albeuve
3955,Albinen
3183,Albligen
3422,Alchenflüh
3473,Alchenstorf
6974,Aldesago
9249,Algetshausen
5643,Alikon
1165,Allaman
2942,Alle
1304,Allens
6319,Allenwinden
4615,Allerheiligenberg
3112,Allmendingen b. Bern
4123,Allschwil
4123,Allschwil 1
4123,Allschwil 2
4123,Allschwil Zustellung
7416,Almens
6315,Alosen
7710,Alp Grüm
6055,Alpnach Dorf
6055,Alpnach Zustellung
6053,Alpnachstad
8849,Alpthal
9656,Alt St. Johann
6147,Altbüron
8243,Altdorf SH
6460,Altdorf UR
6460,Altdorf UR 1
6460,Altdorf UR 2
6460,Altdorf UR 2 Rynächt
6460,Altdorf UR 2 Zustellung
8453,Alten
8852,Altendorf
9423,Altenrhein
1715,Alterswil FR
8573,Alterswilen
8479,Altikon
8573,Altishausen
6246,Altishofen
8595,Altnau
9450,Altstätten SG
9450,Altstätten SG Zustellung
6286,Altwis
7473,Alvaneu Bad
7492,Alvaneu Dorf
7451,Alvaschein
7447,Am Bach (Avers)
6775,Ambrì
8873,Amden
3963,Aminona
8514,Amlikon-Bissegg
5600,Ammerswil AG
3257,Ammerzwil BE
8580,Amriswil
8580,Amriswil Zustellung
3633,Amsoldingen
6474,Amsteg
7440,Andeer
8450,Andelfingen
8450,Andelfingen Zustellung
6490,Andermatt
8572,Andhausen
7159,Andiast
9204,Andwil SG
8586,Andwil TG
5611,Anglikon
1247,Anières
4469,Anwil
1972,Anzère
6748,Anzonico
9050,Appenzell
9050,Appenzell Eggerstanden
9050,Appenzell Enggenhütten
9050,Appenzell Meistersrüte
9050,Appenzell Schlatt
9050,Appenzell Steinegg
9050,Appenzell Zustellung
1143,Apples
1994,Aproz (Nendaz)
6719,Aquila
1091,Aran
6994,Aranno
1974,Arbaz
6517,Arbedo
4424,Arboldswil
9320,Arbon
9320,Arbon Zustellung
6618,Arcegno
3296,Arch
1732,Arconciel
7546,Ardez
1957,Ardon
2015,Areuse
7104,Arezen
1966,Argnoud (Ayent)
4422,Arisdorf
5628,Aristau
4144,Arlesheim
4144,Arlesheim Dist Fil
4144,Arlesheim Zustellung
9212,Arnegg
1277,Arnex-sur-Nyon
1321,Arnex-sur-Orbe
8905,Arni AG
3508,Arni BE
8905,Arni-Islisberg
6822,Arogno
1986,Arolla
7050,Arosa
7050,Arosa Zustellung
6939,Arosio
6939,Arosio-Mugena
6415,Arth
1884,Arveyes
6543,Arvigo
1991,Arvillard (Salins)
1273,Arzier
6864,Arzo
7245,Ascharina
6612,Ascona
5025,Asp
1042,Assens
6999,Astano
2954,Asuel
1285,Athenaz (Avusy)
1616,Attalens
5056,Attelwil
8544,Attikon
6468,Attinghausen
4536,Attiswil
9434,Au SG
8376,Au TG
8804,Au ZH
1170,Aubonne
1170,Aubonne Distribution
1673,Auboranges
1914,Auddes-sur-Riddes
5105,Auenstein
6547,Augio
4302,Augst BL
1484,Aumont
6661,Auressio
6677,Aurigeno
8331,Auslikon
3938,Ausserberg
3995,Ausserbinn
7444,Ausserferrera
4944,Auswil
1782,Autafond
1475,Autavaux
1742,Autigny
2012,Auvernier
5644,Auw
6670,Avegno
1976,Aven
1580,Avenches
1580,Avenches Distribution
1754,Avry-Centre FR
1644,Avry-devant-Pont
1754,Avry-sur-Matran
1237,Avully
3855,Axalp
1966,Ayent
3961,Ayer
9478,Azmoos
6340,Baar
6341,Baar
6342,Baar
1996,Baar (Nendaz)
6340,Baar 1
6340,Baar 1 Zustellung
6346,Baar 3
6346,Baar 3 Dist Ba
6349,Baar Sonderdienste
8806,Bäch SZ
8184,Bachenbülach
9633,Bächli (Hemberg)
8164,Bachs
7310,Bad Ragaz
7310,Bad Ragaz Zustellung
5330,Bad Zurzach
5400,Baden
5401,Baden
5402,Baden
5404,Baden
5405,Baden
5406,Baden
5400,Baden 1
5400,Baden 1 Postautodienst
5400,Baden 1 Zustellung
5400,Baden IM
6283,Baldegg
5333,Baldingen
6828,Balerna
6828,Balerna Dist Fil
9436,Balgach
1338,Ballaigues
1144,Ballens
3303,Ballmoos
6275,Ballwil
4525,Balm b. Günsberg
3254,Balm b. Messen
4524,Balmberg
4710,Balsthal
4710,Balsthal Postauto Thal-Gäu
4710,Balsthal Zustellung
8362,Balterswil
3937,Baltschieder
6981,Banco
3256,Bangerten b. Dieterswil
8471,Bänk (Dägerlen)
4913,Bannwil
3552,Bärau
6917,Barbengo
1783,Barberêche
8344,Bäretswil
3282,Bargen BE
8233,Bargen SH
3323,Bäriswil BE
5017,Barmelweid
4252,Bärschwil
4252,Bärschwil Dorf
8241,Barzheim
8254,Basadingen
4000,Basel
4001,Basel
4002,Basel
4003,Basel
4004,Basel
4005,Basel
4007,Basel
4008,Basel
4009,Basel
4010,Basel
4011,Basel
4012,Basel
4013,Basel
4015,Basel
4016,Basel
4017,Basel
4018,Basel
4019,Basel
4020,Basel
4023,Basel
4024,Basel
4025,Basel
4030,Basel
4032,Basel
4039,Basel
4040,Basel
4051,Basel
4052,Basel
4053,Basel
4054,Basel
4055,Basel
4056,Basel
4057,Basel
4058,Basel
4059,Basel
4070,Basel
4075,Basel
4080,Basel
4083,Basel
4084,Basel
4085,Basel
4086,Basel
4087,Basel
4088,Basel
4091,Basel
4000,Basel 2 BZ Sortierung
4000,Basel 2 Zustellung
4034,Basel 34 Breite
4035,Basel 35 Bäumlihof
4000,Basel Dist Ba
4060,Basel Kleinbasel Zustellung
4033,Basel Novartis Campus
4042,Basel PF Operations Center
4000,Basel Postauto Nordwestschweiz
4078,Basel Reader's Digest
4065,Basel SBB Cargo AG
4000,Basel Shell Dreispitz
4092,Basel SPI AS 22
4093,Basel SPI AS 23
4094,Basel SPI AS 24
4095,Basel SPI AS 25
4096,Basel SPI AS 26
4081,Basel SPI AS1
4082,Basel SPI AS2
4089,Basel SPI GLS Retour
4089,Basel SPILOG
4041,Basel UBS
4031,Basel Universitätsspital
2854,Bassecourt
1996,Basse-Nendaz
8303,Bassersdorf
8303,Bassersdorf Zustellung
1269,Bassins
3315,Bätterkinden
4112,Bättwil
4112,Bättwil-Flüh
6466,Bauen
1446,Baulmes
8494,Bauma
8494,Bauma Zustellung
1372,Bavois
9602,Bazenheid
9602,Bazenheid Zustellung
3803,Beatenberg
6375,Beckenried
6930,Bedano
6981,Bedigliora
6781,Bedretto
8228,Beggingen
1268,Begnins
5637,Beinwil (Freiamt)
5712,Beinwil am See
4229,Beinwil SO
3914,Belalp
1782,Belfaux
4512,Bellach
4512,Bellach Zustellung
2713,Bellelay
1585,Bellerive VD
1293,Bellevue
5454,Bellikon
6500,Bellinzona
6501,Bellinzona
6503,Bellinzona
6500,Bellinzona 1
6500,Bellinzona 2
6500,Bellinzona 5
6506,Bellinzona 6 Autopostale TI
6500,Bellinzona Caserma
6500,Bellinzona centro servici
6500,Bellinzona Distribuzione
6500,Bellinzona Stazione FFS
6500,Bellinzona VZ
2564,Bellmund
3997,Bellwald
1092,Belmont-sur-Lausanne
1432,Belmont-sur-Yverdon
3123,Belp
3123,Belp Zustellung
3124,Belpberg
2744,Belprahon
8121,Benglen
8717,Benken SG
8463,Benken ZH
8836,Bennau
4431,Bennwil
5636,Benzenschwil
1038,Bercher
8471,Berg (Dägerlen)
8415,Berg am Irchel
9305,Berg SG
8572,Berg TG
8962,Bergdietikon
7482,Bergün/Bravuogn
8965,Berikon
8965,Berikon 1
8965,Berikon 1 Zustellung
8965,Berikon 2 Dorf
8222,Beringen
3376,Berken
1680,Berlens
8267,Berlingen
3000,Bern
3001,Bern
3003,Bern
3004,Bern
3005,Bern
3006,Bern
3007,Bern
3008,Bern
3010,Bern
3011,Bern
3012,Bern
3013,Bern
3014,Bern
3015,Bern
3018,Bern
3019,Bern
3020,Bern
3024,Bern
3027,Bern
3030,Bern
3040,Bern
3000,Bern 1 Zustellung
3000,Bern 13
3000,Bern 14
3000,Bern 15
3018,Bern 18 Zustellung
3000,Bern 21
3000,Bern 22
3000,Bern 22 Kaserne
3000,Bern 23
3000,Bern 25
3027,Bern 27 Zustellung
3000,Bern 28
3003,Bern 3 Nationalrat
3003,Bern 3 Ständerat
3000,Bern 31
3000,Bern 5
3000,Bern 6
3000,Bern 60 UPD
3000,Bern 65 SBB
3000,Bern 7 Bärenplatz
3000,Bern 71 CS PZ
3000,Bern 77 SBV
3000,Bern 8
3000,Bern 9
3000,Bern 90
3000,Bern 94 UBS
3050,Bern DocumentServices
3029,Bern Entris
3030,Bern Feldpostdirektion
3030,Bern Logistikcenter
3039,Bern PF Operations Center
3000,Bern Postauto BE-FB-SO
3002,Bern PostFinance
3000,Bern Radio Schweiz
3050,Bern Swisscom
3041,Bern UBS
3017,Bern Zustellung
9442,Berneck
9442,Berneck Dist Ba
1233,Bernex
1233,Bernex Distribution
9304,Bernhardzell
1149,Berolle
6215,Beromünster
8892,Berschis
8543,Bertschikon
8614,Bertschikon (Gossau ZH)
6661,Berzona
6863,Besazio
5627,Besenbüren
1609,Besencens
8777,Betschwanden
3991,Betten
3366,Bettenhausen
1042,Bettens
4126,Bettingen
2544,Bettlach
3992,Bettmeralp
9553,Bettwiesen
5618,Bettwil
2935,Beurnevésin
1996,Beuson (Nendaz)
2022,Bevaix
7502,Bever
2735,Bévilard
1880,Bex
1880,Bex Dist Fil
1880,Bex Distribution
6710,Biasca
6710,Biasca Borgo
6710,Biasca Stazione
4562,Biberist
8242,Bibern SH
8242,Bibern SH Zustellung
4578,Bibern SO
5023,Biberstein
8363,Bichelsee
8362,Bichelsee-Balterswil
9248,Bichwil
6958,Bidogno
3989,Biel VS
2500,Biel/Bienne
2501,Biel/Bienne
2502,Biel/Bienne
2503,Biel/Bienne
2504,Biel/Bienne
2505,Biel/Bienne
2500,Biel/Bienne 1
2500,Biel/Bienne 1 Zustellung
2500,Biel/Bienne 10
2500,Biel/Bienne 3
2500,Biel/Bienne 4
2500,Biel/Bienne 6
2500,Biel/Bienne 7
2500,Biel/Bienne 8
2510,Biel/Bienne Dist Ba
4105,Biel-Benken BL
3419,Biembach im Emmental
1145,Bière
1145,Bière Caserne
1996,Bieudron (Nendaz)
4585,Biezwil
3513,Bigenthal
3507,Biglen
6676,Bignasco
6954,Bigorio
1681,Billens
8865,Bilten
3996,Binn
4102,Binningen
4102,Binningen 1
4102,Binningen 1 Zustellung
4102,Binningen 2
8122,Binz
6934,Bioggio
6981,Biogno-Beride
1996,Bioley-de-Brignon (Nendaz)
1407,Bioley-Magnoux
1042,Bioley-Orjulaz
1670,Bionnens
3903,Birgisch
8903,Birmensdorf ZH
8903,Birmensdorf ZH Kaserne
8903,Birmensdorf ZH Zustellung
5413,Birmenstorf AG
6804,Bironico
5242,Birr
5244,Birrhard
5242,Birr-Lupfig
5242,Birr-Lupfig Zustellung
5708,Birrwil
4127,Birsfelden
4127,Birsfelden Zustellung
8585,Birwinken
9220,Bischofszell
9220,Bischofszell Zustellung
6436,Bisisthal
6816,Bissone
3983,Bister
3982,Bitsch
7457,Bivio
3771,Blankenburg
3919,Blatten (Lötschen)
3914,Blatten b. Naters
3914,Blatten b. Naters Zust
4223,Blauen
3717,Blausee-Mitholz
3368,Bleienbach
3674,Bleiken b. Oberdiessbach
1675,Blessens
1966,Blignoud (Ayent)
3989,Blitzingen
1807,Blonay
3638,Blumenstein
5334,Böbikon
4461,Böckten
6743,Bodio TI
2856,Boécourt
1353,Bofflens
1279,Bogis-Bossey
6951,Bogno
2014,Bôle
4556,Bolken
3067,Boll
3067,Boll Zustellung
3065,Bolligen
3065,Bolligen Dorf
3065,Bolligen Station
8715,Bollingen
1470,Bollion
3366,Bollodingen
3766,Boltigen
6981,Bombinasco
7402,Bonaduz
8554,Bonau
2926,Boncourt
2944,Bonfol
3806,Bönigen b. Interlaken
4618,Boningen
5706,Boniswil
1724,Bonnefontaine
8906,Bonstetten
1427,Bonvillars
8113,Boppelsen
1277,Borex
6658,Borgnone
7604,Borgonovo
6935,Bosco Luganese
6685,Bosco/Gurin
3178,Bösingen
1615,Bossonnens
5623,Boswil
1041,Bottens
4814,Bottenwil
1652,Botterens
8598,Bottighofen
4103,Bottmingen
5315,Böttstein
1966,Botyre (Ayent)
2043,Boudevilliers
2017,Boudry
2013,Boudry Dist Ba
1172,Bougy-Villars
1063,Boulens
1699,Bouloz
1946,Bourg-St-Pierre
1722,Bourguillon
1035,Bournens
2803,Bourrignon
1034,Boussens
1897,Bouveret
2113,Boveresse
1932,Bovernier
3533,Bowil
5076,Bözen
6544,Braggio
7527,Brail
7527,Brail Zustellung
6167,Bramboden
1967,Bramois
3957,Bratsch
9502,Braunau
8784,Braunwald
6979,Brè sopra Lugano
6932,Breganzona
7165,Breil/Brigels
4226,Breitenbach
1121,Bremblens
5620,Bremgarten AG
5620,Bremgarten AG 1
5620,Bremgarten AG 1 Zustellung
5620,Bremgarten AG 2
5620,Bremgarten AG Kaserne
3047,Bremgarten b. Bern
1683,Brenles
6937,Breno
1817,Brent
3671,Brenzikofen
2904,Bressaucourt
1053,Bretigny-sur-Morrens
1329,Bretonnières
4207,Bretzwil
3855,Brienz BE
3855,Brienz BE Zustellung
7084,Brienz/Brinzauls GR
3856,Brienzwiler
3900,Brig
3900,Brig Distributionsbasis
3900,Brig Postauto Oberwallis
3900,Brig Zustellung
3900,Brigerbad
1996,Brignon (Nendaz)
6634,Brione (Verzasca)
6645,Brione sopra Minusio
4225,Brislach
6614,Brissago
6614,Brissago Distribuzione
6475,Bristen
4588,Brittern
4805,Brittnau
1636,Broc
6693,Broglio
9552,Bronschhofen
6692,Brontallo
2149,Brot-Dessous
2318,Brot-Plamboz
4101,Bruderholz
5200,Brugg AG
5201,Brugg AG
5200,Brugg AG 1
5200,Brugg AG 1 Zustellung
5200,Brugg AG 3
5200,Brugg AG Dist Fil
5200,Brugg AG Kaserne
5200,Brugg Bahnhof SBB
2555,Brügg BE
4582,Brügglen
9058,Brülisau
5505,Brunegg
3860,Brünig
1719,Brünisried
9125,Brunnadern
6440,Brunnen
6440,Brunnen Bahnhof SBB
6440,Brunnen Zustellung
3307,Brunnenthal
6827,Brusino Arsizio
7743,Brusio
1934,Bruson
3237,Brüttelen
8311,Brütten
8306,Brüttisellen
6837,Bruzella
4416,Bubendorf
4416,Bubendorf Zustellung
8608,Bubikon
8414,Buch am Irchel
8524,Buch b. Frauenfeld
8586,Buch b. Kümmertshausen
9562,Buch b. Märwil
8263,Buch SH
8586,Buchackern
8454,Buchberg
3623,Buchen BE
7223,Buchen im Prättigau
1164,Buchillon
6033,Buchrain
5033,Buchs AG
5033,Buchs AG Zustellung
9471,Buchs Bahnhof SBB
6211,Buchs LU
9470,Buchs SG
9470,Buchs SG 1
9471,Buchs SG 1
9470,Buchs SG 1 Zustellung
9471,Buchs SG 3
9470,Buchs SG Dist Fil
8107,Buchs ZH
8107,Buchs ZH Zustellung
3215,Büchslen
4446,Buckten
3263,Büetigen
3274,Bühl b. Aarberg
9055,Bühler
9215,Buhwil
2925,Buix
8180,Bülach
8180,Bülach Bahnhof SBB
8183,Bülach Dist Ba
8180,Bülach Kaserne
8186,Bülach LZB
8180,Bülach Zustellung
1630,Bulle
1631,Bulle
1630,Bulle 1
1630,Bulle 1 Distribution
1630,Bulle 2
1630,Bulle Dist Fil
1453,Bullet
5624,Bünzen
6374,Buochs
6374,Buochs Zustellung
6343,Buonas
3935,Bürchen
2915,Bure
3294,Büren an der Aare
3294,Büren an der Aare Zust
6382,Büren NW
4413,Büren SO
3313,Büren zum Hof
5736,Burg AG
4117,Burg im Leimental
4556,Burgäschi
3400,Burgdorf
3401,Burgdorf
3402,Burgdorf
3400,Burgdorf 1
3400,Burgdorf Dist Fil
3400,Burgdorf Filiale
3400,Burgdorf PostFinance Mob
3400,Burgdorf Zustellung
6363,Bürgenstock
3664,Burgistein
3816,Burglauenen
6078,Bürglen OW
8575,Bürglen TG
6463,Bürglen UR
9442,Büriswilen
6233,Büron
1195,Bursinel
1183,Bursins
1268,Burtigny
6542,Buseno
8238,Büsingen
4227,Büsserach
1030,Bussigny-p-L Distribution
1030,Bussigny-près-Lausanne
1608,Bussigny-sur-Oron
9565,Bussnang
3292,Busswil b. Büren
4917,Busswil b. Melchnau
8370,Busswil TG
1541,Bussy FR
1136,Bussy-Chardonney
1514,Bussy-sur-Moudon
9606,Bütschwil
8236,Büttenhardt
2115,Buttes
5619,Büttikon AG
8863,Buttikon SZ
6018,Buttisholz
5632,Buttwil
4922,Bützberg
4463,Buus
6838,Cabbio
6558,Cabbiolo
6936,Cademario
6814,Cadempino
6593,Cadenazzo
6590,Cadenazzo Centro Logistico
6593,Cadenazzo Dist Ba
6593,Cadenazzo Distribuzione
6511,Cadenazzo Scanning-Center
6965,Cadro
6955,Cagiallo
7027,Calfreisen
6746,Calonico
6760,Calpiogna
6557,Cama
6659,Camedo
6803,Camignolo
7187,Camischolas
6528,Camorino
7748,Campascio
6760,Campello
6718,Camperio
6911,Campione d'Italia
6720,Campo (Blenio)
6684,Campo (Vallemaggia)
7744,Campocologno
7446,Campsut-Cröt
7113,Camuns
6837,Caneggio
6952,Canobbio
6825,Capolago
6913,Carabbia
6919,Carabietta
6584,Carena
6760,Carì
6914,Carona
1227,Carouge GE
1227,Carouge GE Distribution
7122,Carrera
1084,Carrouge VD
1236,Cartigny
7602,Casaccia
6875,Casima
6987,Caslano
6987,Caslano Distribuzione
6990,Cassina d'Agno
6976,Castagnola
6540,Castaneda
7608,Castasegna
6874,Castel San Pietro
6980,Castelrotto
7027,Castiel
6532,Castione
7126,Castrisch
6723,Castro
6546,Cauco
1824,Caux
6749,Cavagnago
7182,Cavardiras
6690,Cavergno
6578,Caviano
6654,Cavigliano
7408,Cazis
7505,Celerina/Schlarigna
1298,Céligny
6683,Cerentino
1654,Cerniat FR
1682,Cerniaz VD
2053,Cernier
6959,Certara
6675,Cevio
1474,Châbles FR
1589,Chabrey
1816,Chailly-Montreux
1816,Chailly-Montreux Dist
3966,Chalais
6330,Cham
6330,Cham 1
6330,Cham 1 Zustellung
6330,Cham 2
1292,Chambésy
1436,Chamblon
2019,Chambrelien
1832,Chamby
1933,Chamoille (Sembrancher)
1955,Chamoson
1424,Champagne
2149,Champ-du-Moulin
1874,Champéry
1938,Champex-Lac
7512,Champfèr
1971,Champlan (Grimisuat)
1873,Champoussin
2735,Champoz
1947,Champsec (Versegères)
1537,Champtauroz
1443,Champvent
3976,Champzabé
1284,Chancy
3961,Chandolin
1965,Chandolin-près-Savièse
1773,Chandon
1945,Chandonne (Liddes)
1409,Chanéaz
1534,Chapelle (Broye)
1608,Chapelle (Glâne)
1063,Chapelle-sur-Moudon
1803,Chardonne
1637,Charmey (Gruyère)
2947,Charmoille
1906,Charrat
1660,Château-d'Oex
1219,Châtelaine
1219,Châtelaine Cases
2715,Châtelat
1618,Châtel-St-Denis
1618,Châtel-St-Denis Dist
1653,Châtel-sur-Montsalvens
1610,Châtillens
1473,Châtillon FR
2843,Châtillon JU
1553,Châtonnaye
2067,Chaumont
1279,Chavannes-de-Bogis
1279,Chavannes-de-Bogis OLS
1290,Chavannes-des-Bois
1464,Chavannes-le-Chêne
1676,Chavannes-les-Forts
1148,Chavannes-le-Veyron
1022,Chavannes-près-Renens
1694,Chavannes-sous-Orsonnens
1512,Chavannes-sur-Moudon
1373,Chavornay
1529,Cheiry
1927,Chemin
1091,Chenaux
1224,Chêne Bougeries Shell
1224,Chêne-Bougeries
1225,Chêne-Bourg
1225,Chêne-Bourg Distribution
1744,Chénens
1464,Chêne-Pâquier
3971,Chermignon
3971,Chermignon-d'en-Bas
1822,Chernex
1683,Chesalles-sur-Moudon
1608,Chesalles-sur-Oron
1039,Cheseaux Polyval
1033,Cheseaux-Laus Distribution
1400,Cheseaux-Noréaz
1033,Cheseaux-sur-Lausanne
1275,Chéserex
1885,Chesières
1720,Chésopelloz
1846,Chessel
2906,Chevenez
1316,Chevilly
1545,Chevroux
1071,Chexbres
1071,Chexbres Distribution
1468,Cheyres
1945,Chez Petit (Liddes)
2054,Chézard-St-Martin
2025,Chez-le-Bart
6830,Chiasso
6830,Chiasso 1
6830,Chiasso 1 ZF
6830,Chiasso 3
6830,Chiasso Distribuzione
6830,Chiasso Stazione FFS
6764,Chiggiogna
1134,Chigny
3965,Chippis
6747,Chironico
1871,Choëx
1244,Choulex
7000,Chur
7001,Chur
7002,Chur
7004,Chur
7006,Chur
7007,Chur
7000,Chur 1 Zustellung
7000,Chur Kaserne
7000,Chur Logistikzentrum
7003,Chur Postauto GR Reg. Chur
7075,Churwalden
6959,Cimadera
6684,Cimalmotto
6992,Cimo
7526,Cinuos-chel
1815,Clarens
1127,Clarmont
6702,Claro
1595,Clavaleyres
1993,Clèbes (Nendaz)
7442,Clugin
2932,Coeuve
2207,Coffrane
6678,Coglio
1267,Coinsins
1216,Cointrin
6877,Coldrerio
6951,Colla
1239,Collex
1868,Collombey
1245,Collonge-Bellerive
1903,Collonges
1223,Cologny
1223,Cologny Distribution
2013,Colombier NE
2013,Colombier NE Caserne
2013,Colombier NE Distribution
1114,Colombier VD
6949,Comano
1535,Combremont-le-Grand
1536,Combremont-le-Petit
1971,Coméraz (Grimisuat)
1291,Commugny
6663,Comologno
1231,Conches
1426,Concise
1996,Condémines (Nendaz)
1232,Confignon
1587,Constantine
7241,Conters im Prättigau
1964,Conthey
1964,Conthey Distribution
6594,Contone
6646,Contra
1296,Coppet
1296,Coppet Distribution
2826,Corban
1856,Corbeyrier
1647,Corbières
2747,Corcelles BE
2035,Corcelles NE
2035,Corcelles NE Distribution
1082,Corcelles-le-Jorat
1426,Corcelles-près-Concise
1562,Corcelles-près-Payerne
1374,Corcelles-sur-Chavornay
1792,Cordast
2606,Corgémont
3960,Corin-de-la-Crête
6631,Corippo
1754,Corjolens
1782,Cormagens
1721,Cormérod
1720,Corminboeuf
2036,Cormondrèche
2612,Cormoret
2087,Cornaux NE
2952,Cornol
1727,Corpataux-Magnedens
1410,Correvon
1802,Corseaux
1747,Corserey
1246,Corsier GE
1804,Corsier-sur-Vevey
2016,Cortaillod
2607,Cortébert
6873,Corteglia
6958,Corticiasca
6722,Corzoneso
1304,Cossonay Distribution
1304,Cossonay-Ville
1741,Cottens FR
1116,Cottens VD
1585,Cotterd
1934,Cotterg (Le Châble VS)
2823,Courcelon
2825,Courchapoix
2922,Courchavon
2853,Courfaivre
2950,Courgenay
1796,Courgevaux
1795,Courlevon
1784,Cournillens
2830,Courrendlin
2822,Courroux
2738,Court
1791,Courtaman
2905,Courtedoux
2608,Courtelary
2923,Courtemaîche
2950,Courtemautruy
1784,Courtepin
2852,Courtételle
1721,Courtion
1774,Cousset
2108,Couvet
6951,Cozzo
6611,Crana
3963,Crans-Montana
3963,Crans-Montana 1
3963,Crans-Montana 1 Dist
3963,Crans-Montana 2
1299,Crans-près-Céligny
1263,Crassier
1526,Cremin
2746,Crémines
6705,Cresciano
1785,Cressier FR
2088,Cressier NE
7447,Cresta (Avers)
1653,Crésuz
1992,Crête-à-l'Oeil(Les Agettes)
1941,Cries (Vollèges)
1023,Crissier
1023,Crissier 1
1023,Crissier 2
1023,Crissier Distribution
1406,Cronay
1322,Croy
7554,Crusch
1148,Cuarnens
1404,Cuarny
1588,Cudrefin
6516,Cugnasco
1482,Cugy FR
1053,Cugy VD
1096,Cully
7142,Cumbel
7176,Cumpadials
7452,Cunter
7184,Curaglia
6963,Cureggia
6944,Cureglia
6986,Curio
1521,Curtilles
6959,Curtina
8447,Dachsen
8471,Dägerlen
6252,Dagmersellen
1306,Daillens
1330,Daillens CALL
1310,Daillens Centre Colis
1310,Daillens Dist Ba
1320,Daillens ST PP 1
1976,Daillon
6126,Daiwil
7424,Dalin
6383,Dallenwil
8108,Dällikon
6774,Dalpe
2933,Damphreux
2914,Damvant
6717,Dangio-Torre
5010,Däniken Postzentrum
4658,Däniken SO
8114,Dänikon ZH
7163,Danis
1283,Dardagny
7164,Dardin
3707,Därligen
3763,Därstetten
8421,Dättlikon
5405,Dättwil AG
6964,Davesco-Soragno
7270,Davos 1 Zustellung
7270,Davos 2
7272,Davos Clavadel
7260,Davos Dorf
7276,Davos Frauenkirch
7277,Davos Glaris
7278,Davos Monstein
7270,Davos Platz
7270,Davos Platz 1
7265,Davos Wolfgang
7145,Degen
9113,Degersheim
9113,Degersheim Zustellung
3053,Deisswil b. Münchenbuchsee
4543,Deitingen
2800,Delémont
2800,Delémont 1
2800,Delémont 1 Distribution
2800,Delémont 2
2800,Delémont car postal JU-NE
2800,Delémont Dist Ba
1567,Delley
1415,Démoret
1135,Denens
1410,Denezy
1026,Denges
5026,Densbüren
4552,Derendingen
4551,Derendingen Swisscom
4552,Derendingen Zustellung
3036,Detligen
8505,Dettighofen
2802,Develier
2802,Develier Post Auto AG
9115,Dicken
4457,Diegten
8157,Dielsdorf
8157,Dielsdorf Zustellung
3053,Diemerswil
3754,Diemtigen
4442,Diepflingen
9444,Diepoldsau
9444,Diepoldsau Zustellung
6036,Dierikon
8777,Diesbach GL
3264,Diessbach b. Büren
2517,Diesse
8253,Diessenhofen
8253,Diessenhofen Zustellung
3256,Dieterswil
9615,Dietfurt
8953,Dietikon
8953,Dietikon 1
8953,Dietikon 2
8953,Dietikon Bahnhof SBB
8305,Dietlikon
6042,Dietwil
8474,Dinhard
6967,Dino
5606,Dintikon
5610,Dintikon LCD
7180,Disentis/Mustér
4243,Dittingen
1304,Dizy
7013,Domat/Ems
7013,Domat/Ems Zustellung
2056,Dombresson
1564,Domdidier
1041,Dommartin
1563,Dompierre FR
1682,Dompierre VD
7433,Donat
1582,Donatyre
6715,Dongio
1407,Donneloye
8583,Donzhausen
6112,Doppleschwand
1905,Dorénaz
8458,Dorf
8239,Dörflingen
8239,Dörflingen Zustellung
4143,Dornach
4143,Dornach 1
4143,Dornach 2
8566,Dotnacht
5605,Dottikon
5605,Dottikon Zustellung
5312,Döttingen
5312,Döttingen Zustellung
3293,Dotzigen
8582,Dozwil
1945,Dranse (Liddes)
9612,Dreien
1965,Drône VS
8600,Dübendorf
8600,Dübendorf 1
8600,Dübendorf 1 Zustellung
8600,Dübendorf 2
8600,Dübendorf Kaserne
3186,Düdingen
3186,Düdingen Zustellung
4202,Duggingen
1912,Dugny (Leytron)
1266,Duillier
4657,Dulliken
1195,Dully
1195,Dully-Bursinel
8635,Dürnten
5724,Dürrenäsch
3465,Dürrenroth
8374,Dussnang
7112,Duvin
6245,Ebersecken
9122,Ebersol
8925,Ebertswil
6030,Ebikon
6031,Ebikon
6030,Ebikon Zustellung
8123,Ebmatingen
9642,Ebnat-Kappel
9642,Ebnat-Kappel Zustellung
6163,Ebnet
1040,Echallens
1040,Echallens Distribution
1026,Echandens
1026,Echandens-Denges
1646,Echarlens
1112,Echichens
1376,Eclagnens
1312,Eclépens
1300,Eclépens CC Dépôt
1300,Eclépens Centre Courrier
1300,Eclépens SAB
1311,Eclépens Scanning Center
1612,Ecoteaux
1673,Ecublens FR
1024,Ecublens VD
1730,Ecuvillens
2813,Ederswiler
6313,Edlibach
5078,Effingen
8307,Effretikon
8307,Effretikon Bahnhof SBB
8325,Effretikon Dist Ba
8307,Effretikon Post Auto AG
8307,Effretikon Zustellung
4622,Egerkingen
9231,Egg (Flawil)
8132,Egg b. Zürich
8132,Egg b. Zürich Zustellung
8847,Egg SZ
5445,Eggenwil
3939,Eggerberg
9034,Eggersriet
8585,Eggethof
3537,Eggiwil
3537,Eggiwil Zustellung
8193,Eglisau
5704,Egliswil
9322,Egnach
6243,Egolzwil
5420,Ehrendingen
6205,Eich
9453,Eichberg
6013,Eigenthal
3823,Eigergletscher
5074,Eiken
3646,Einigen
8840,Einsiedeln
8840,Einsiedeln Zustellung
3943,Eischoll
1969,Eison (St.Martin)
3922,Eisten
5077,Elfingen
8353,Elgg
8353,Elgg Zustellung
8566,Ellighausen
8464,Ellikon am Rhein
8548,Ellikon an der Thur
8767,Elm
8352,Elsau
3926,Embd
8424,Embrach
8424,Embrach Zustellung
8423,Embrach-Embraport
3711,Emdthal
6032,Emmen
6032,Emmen Kaserne
6032,Emmen Zustellung
6020,Emmenbrücke
6020,Emmenbrücke 1
6021,Emmenbrücke 1
6020,Emmenbrücke 1 Zustellung
6020,Emmenbrücke 2
6020,Emmenbrücke 3
6020,Emmenbrücke SB
3543,Emmenmatt
6376,Emmetten
5304,Endingen
6390,Engelberg
6391,Engelberg
6390,Engelberg Zustellung
9032,Engelburg
2073,Enges
3077,Enggistein
8765,Engi
8586,Engishofen
3086,Englisberg
2063,Engollon
8556,Engwang
8564,Engwilen
8755,Ennenda
8586,Ennetaach
5408,Ennetbaden
9651,Ennetbühl
6373,Ennetbürgen
6372,Ennetmoos
1667,Enney
6162,Entlebuch
6160,Entlebuch Businesszentrum
6161,Entlebuch Versandzentrum
6162,Entlebuch Zustellung
1663,Epagny
1663,Epagny Distribution
1066,Epalinges
1066,Epalinges Distribution
1417,Epautheyres
2885,Epauvillers
1731,Ependes FR
1434,Ependes VD
1098,Epesses
2886,Epiquerez
5012,Eppenberg
3272,Epsach
4458,Eptingen
1976,Erde
3947,Ergisch
4952,Eriswil
3619,Eriz
3235,Erlach
8586,Erlen
3762,Erlenbach im Simmental
8703,Erlenbach ZH
8703,Erlenbach ZH Zustellung
5018,Erlinsbach
5015,Erlinsbach SO
8272,Ermatingen
6294,Ermensee
8734,Ermenswil
3995,Ernen
8725,Ernetschwil
3957,Erschmatt
4228,Erschwil
3423,Ersigen
6472,Erstfeld
6274,Eschenbach LU
8733,Eschenbach SG
8264,Eschenz
2743,Eschert
8553,Eschikofen
8360,Eschlikon TG
6182,Escholzmatt
6182,Escholzmatt Zustellung
1670,Esmonts
1724,Essert FR
1078,Essertes
1186,Essertines-sur-Rolle
1417,Essertines-sur-Yverdon
1435,Essert-Pittet
1443,Essert-sous-Champvent
8133,Esslingen
1665,Estavannens
1695,Estavayer-le-Gibloux
1470,Estavayer-le-Lac
1470,Estavayer-le-Lac Dist
1687,Estévenens
1037,Etagnières
1163,Etoy
1163,Etoy Village
8356,Ettenhausen TG
4107,Ettingen
6218,Ettiswil
3306,Etzelkofen
5275,Etzgen
4554,Etziken
8259,Etzwilen
1982,Euseigne
8844,Euthal
2533,Evilard
1902,Evionnaz
1983,Evolène
3930,Eyholz
1262,Eysins
3617,Fahrni b. Thun
5615,Fahrwangen
8951,Fahrweid
2916,Fahy
6760,Faido
7226,Fajauna
7153,Falera
8117,Fällanden
8639,Faltigberg
7215,Fanas
3557,Fankhaus (Trub)
1595,Faoug
7433,Farden
4539,Farnern
1726,Farvagny
1726,Farvagny-le-Petit
3705,Faulensee
1173,Féchy
8320,Fehraltorf
4232,Fehren
8552,Felben-Wellhausen
8714,Feldbach
4532,Feldbrunnen
7404,Feldis/Veulden
8706,Feldmeilen
7012,Felsberg
5316,Felsenau AG
1880,Fenalet-sur-Bex
1809,Fenil-sur-Corsier
2063,Fenin
5645,Fenkrieden
3916,Ferden
1076,Ferlens VD
1724,Ferpicloz
1313,Ferreyres
3956,Feschel
6938,Fescoggia
1532,Fétigny
1532,Fétigny Dist Fil
8245,Feuerthalen
8835,Feusisberg
3784,Feutersoey
7514,Fex
1044,Fey
1996,Fey (Nendaz)
1609,Fiaugères
7019,Fidaz
7235,Fideris
3984,Fiesch
3984,Fieschertal
1420,Fiez
6918,Figino
3983,Filet
7477,Filisur
8757,Filzbach
1925,Finhaut
2577,Finsterhennen
6313,Finstersee
6162,Finsterwald b. Entlebuch
1948,Fionnay
6145,Fischbach LU
5525,Fischbach-Göslikon
8497,Fischenthal
8376,Fischingen
5467,Fisibach
5442,Fislisbach
8416,Flaach
3175,Flamatt
3175,Flamatt Zustellung
3978,Flanthey
7306,Fläsch
9230,Flawil
9230,Flawil 1
9230,Flawil 1 Zustellung
9230,Flawil 2 Botsberg
1659,Flendruz
7426,Flerden
2114,Fleurier
7017,Flims Dorf
7017,Flims Dorf Zustellung
7018,Flims Waldhaus
7137,Flond
6454,Flüelen
6073,Flüeli-Ranft
4112,Flüh
6173,Flühli LU
4534,Flumenthal
8890,Flums
8893,Flums Hochwiese
8890,Flums Zustellung
8896,Flumserberg Bergheim
8895,Flumserberg Portels
8894,Flumserberg Saxli
8898,Flumserberg Tannenbodenalp
8897,Flumserberg Tannenheim
8247,Flurlingen
1473,Font
1945,Fontaine Dessous (Liddes)
1945,Fontaine Dessus (Liddes)
2052,Fontainemelon
2046,Fontaines NE
1421,Fontaines-sur-Grandson
1423,Fontanezier
6110,Fontannen b. Wolhusen
2902,Fontenais
1934,Fontenelle (Le Châble VS)
9476,Fontnas
8127,Forch
1072,Forel (Lavaux)
1475,Forel FR
1526,Forel-sur-Lucens
1782,Formangueires
2717,Fornet-Dessous
2718,Fornet-Dessus
1945,Fornex (Liddes)
3636,Forst b. Längenbühl
1966,Fortunau (Ayent)
1297,Founex
3284,Fräschels
6636,Frasco
9320,Frasnacht
1483,Frasses
3312,Fraubrunnen
8500,Frauenfeld
8501,Frauenfeld
8502,Frauenfeld
8503,Frauenfeld
8500,Frauenfeld 1
8500,Frauenfeld 1 Zustellung
8530,Frauenfeld CALL
8520,Frauenfeld Dist Ba
8510,Frauenfeld Kant. Verwaltung
8500,Frauenfeld Kaserne
8520,Frauenfeld Paketzentrum
8500,Frauenfeld Postauto TG-SH
8540,Frauenfeld ST PP 1
3202,Frauenkappelen
2953,Fregiécourt
2953,Fregiécourt-Pleujouse
9306,Freidorf TG
8807,Freienbach
8427,Freienstein
5423,Freienwil
3510,Freimettigen
1880,Frenières-sur-Bex
4402,Frenkendorf
2027,Fresens
2149,Fretereules
8615,Freudwil
1700,Fribourg
1701,Fribourg
1702,Fribourg
1704,Fribourg
1705,Fribourg
1707,Fribourg
1708,Fribourg
1709,Fribourg
1700,Fribourg 1
1700,Fribourg 1 Distribution
1700,Fribourg Caserne
1700,Fribourg PostFinance Fil.
5070,Frick
5070,Frick Zustellung
3035,Frieswil
9504,Friltschen
2535,Frinvillier
1055,Froideville
9467,Frümsen
8269,Fruthwilen
3714,Frutigen
3714,Frutigen Zustellung
7551,Ftan
7533,Fuldera
4629,Fulenbach
4414,Füllinsdorf
4414,Füllinsdorf Zustellung
5324,Full-Reuenthal
1926,Fully
1926,Fully Distribution
6363,Fürigen
7232,Furna
7414,Fürstenau
7413,Fürstenaubruck
6696,Fusio
3907,Gabi (Simplon)
8214,Gächlingen
4584,Gächliwil
8547,Gachnang
7244,Gadenstätt
3863,Gadmen
9534,Gähwil
9056,Gais
9030,Gaiserwald
8854,Galgenen
5224,Gallenkirch
3285,Galmiz
3238,Gals
3945,Gampel
3236,Gampelen
9473,Gams
3900,Gamsen
6978,Gandria
4716,Gänsbrunnen
5272,Gansingen
9608,Ganterschwil
3144,Gasel
3924,Gasenried
8136,Gattikon
5412,Gebenstorf
8725,Gebertingen
6123,Geiss
6284,Gelfingen
3126,Gelterfingen
4460,Gelterkinden
4460,Gelterkinden Zustellung
5637,Geltwil
4145,Gempen
3215,Gempenach
6852,Genestrerio
1200,Genève
1201,Genève
1202,Genève
1203,Genève
1204,Genève
1205,Genève
1206,Genève
1207,Genève
1208,Genève
1209,Genève
1240,Genève
1200,Genève 1
1211,Genève 1
1211,Genève 10
1200,Genève 11
1211,Genève 11
1200,Genève 12
1211,Genève 12
1200,Genève 13
1211,Genève 13
1211,Genève 14
1215,Genève 15 Aéroport
1215,Genève 15 Aéroport Dépôt
1200,Genève 17
1211,Genève 17
1200,Genève 18
1200,Genève 19
1211,Genève 19
1211,Genève 2
1200,Genève 2 Cornavin Dépôt
1200,Genève 2 Distribution
1211,Genève 2 Swisscom
1200,Genève 2 Transit
1200,Genève 20
1211,Genève 20
1200,Genève 21
1211,Genève 21
1211,Genève 22
1211,Genève 23
1200,Genève 24
1200,Genève 26
1211,Genève 26
1211,Genève 26 Caserne
1211,Genève 27
1211,Genève 28
1200,Genève 28 Balexert
1200,Genève 3
1211,Genève 3
1200,Genève 4
1211,Genève 4
1211,Genève 5
1211,Genève 5 cases
1211,Genève 5 Dépôt
1200,Genève 6
1211,Genève 6
1200,Genève 7
1211,Genève 7
1211,Genève 70 CS
1211,Genève 71 CS CP
1211,Genève 73
1200,Genève 8
1211,Genève 8
1211,Genève 84 Votations
1200,Genève 9
1211,Genève 94 UBS
1227,Genève Carouge Post Finance
1200,Genève Centre Logistique
1200,Genève Dist Ba
1215,Genève ICC OLS
1289,Genève Services Spéciaux
1272,Genolier
1294,Genthod
6925,Gentilino
4563,Gerlafingen
4563,Gerlafingen Zustellung
8500,Gerlikon
8954,Geroldswil
2575,Gerolfingen
6576,Gerra (Gambarogno)
6635,Gerra (Verzasca)
6442,Gersau
3115,Gerzensee
3985,Geschinen
6142,Gettnau
6232,Geuensee
6720,Ghirone
8498,Gibswil-Ried
4304,Giebenach
1429,Giez
1735,Giffers
1673,Gillarens
1182,Gilly
1188,Gimel
3826,Gimmelwald
1276,Gingins
6745,Giornico
5073,Gipf-Oberfrick
6038,Gisikon
6074,Giswil
6512,Giubiasco
6678,Giumaglio
1762,Givisiez
1762,Givisiez Dist Ba
1271,Givrins
1196,Gland
1196,Gland Dist Fil
1196,Gland Distribution
8750,Glarus
8750,Glarus Zustellung
4856,Glashütten
7428,Glaspass
8152,Glattbrugg
8152,Glattbrugg Zustellung
8192,Glattfelden
8152,Glattpark (Opfikon)
8301,Glattzentrum b. Wallisellen
1544,Gletterens
1823,Glion
3902,Glis
2855,Glovelier
3998,Gluringen
6525,Gnosca
8044,Gockhausen
3553,Gohl
3207,Golaten
9403,Goldach
6410,Goldau
6410,Goldau Zustellung
8638,Goldingen
3624,Goldiwil (Thun)
3805,Goldswil b. Interlaken
6656,Golino
1124,Gollion
8737,Gommiswald
4955,Gondiswil
3907,Gondo
9108,Gonten
9108,Gontenbad
5728,Gontenschwil
3917,Goppenstein
3983,Goppisberg
6672,Gordevio
6596,Gordola
6518,Gorduno
2023,Gorgier
3920,Gornergrat
6487,Göschenen
9200,Gossau SG
9201,Gossau SG
9200,Gossau SG 1
9200,Gossau SG 1 Zustellung
9200,Gossau SG 2
9200,Gossau SG Logistikzentrum
8625,Gossau ZH
1407,Gossens
4579,Gossliwil
8583,Götighofen
8274,Gottlieben
1376,Goumoens-la-Ville
1376,Goumoens-le-Jux
2354,Goumois
3376,Graben
9472,Grabs
9472,Grabserberg
3925,Grächen
6388,Grafenort
3308,Grafenried
3989,Grafschaft
8310,Grafstal
8572,Graltshausen
6916,Grancia
1117,Grancy
1543,Grandcour
1421,Grandevent
2908,Grandfontaine
1212,Grand-Lancy
1212,Grand-Lancy 1
1212,Grand-Lancy 1 Distribution
1212,Grand-Lancy 2
1218,Grand-Saconnex Distribution
1775,Grandsivaz
1422,Grandson
1422,Grandson 1
1422,Grandson 2
2745,Grandval
1091,Grandvaux
1666,Grandvillard
1614,Granges (Veveyse)
3977,Granges VS
3977,Granges VS Distribution
1484,Granges-de-Vesin
1763,Granges-Paccot
1523,Granges-près-Marnand
1686,Grangettes-près-Romont
5722,Gränichen
5722,Gränichen Zustellung
1965,Granois (Savièse)
8415,Gräslikon
3365,Grasswil
1624,Grattavache
6929,Gravesano
3983,Greich
8606,Greifensee
4203,Grellingen
2540,Grenchen
2540,Grenchen 1
2540,Grenchen 1 Zustellung
2540,Grenchen 2
3280,Greng
3993,Grengiols
1726,Grenilles
1274,Grens
6404,Greppen
6611,Gresso
1432,Gressy
9479,Gretschins
5014,Gretzenbach
3961,Grimentz
1971,Grimisuat
4247,Grindel
3818,Grindelwald
3818,Grindelwald Zustellung
1772,Grolley
3979,Grône
6537,Grono
8841,Gross
3257,Grossaffoltern
6146,Grossdietwil
3506,Grosshöchstetten
6022,Grosswangen
9035,Grub AR
9036,Grub SG
3946,Gruben
1955,Grugnay (Chamoson)
3783,Grund b. Gstaad
3455,Grünen
3452,Grünenmatt
8627,Grüningen
7214,Grüsch
8624,Grüt (Gossau ZH)
1663,Gruyères
1882,Gryon
3780,Gstaad
3780,Gstaad Zustellung
3785,Gsteig b. Gstaad
3814,Gsteigwiler
7545,Guarda
6515,Gudo
3158,Guggisberg
1643,Gumefens
3073,Gümligen
3073,Gümligen Zustellung
3205,Gümmenen
8543,Gundetswil
3815,Gündlischwand
4524,Günsberg
8468,Guntalingen
3654,Gunten
8357,Guntershausen b. Aadorf
8572,Guntershausen b. Berg
8564,Gunterswilen
8223,Guntmadingen
4617,Gunzgen
6222,Gunzwil
3208,Gurbrü
3212,Gurmels
6482,Gurtnellen
3663,Gurzelen
1792,Guschelmuth
4932,Gutenburg
8605,Gutenswil
3864,Guttannen
3956,Guttet
3956,Guttet-Feschel
8594,Güttingen
3645,Gwatt (Thun)
1251,Gy
3503,Gysenstein
9469,Haag (Rheintal)
3804,Habkern
5245,Habsburg
4445,Häfelfingen
8523,Hagenbuch ZH
4614,Hägendorf
4614,Hägendorf Zustellung
6332,Hagendorn
8580,Hagenwil b. Amriswil
9312,Häggenschwil
5607,Hägglingen
2575,Hagneck
9223,Halden
7023,Haldenstein
6469,Haldi b. Schattdorf
8215,Hallau
5705,Hallwil
4566,Halten
6289,Hämikon
8585,Happerswil
8553,Harenwilen
4621,Härkingen
4624,Härkingen
4621,Härkingen Briefzentrum
4630,Härkingen CALL
4620,Härkingen Dist Ba
4621,Härkingen DocumentService
4620,Härkingen Paketzentrum
4611,Härkingen Scanning Center
4640,Härkingen ST PP 1
3415,Hasle b. Burgdorf
6166,Hasle LU
9054,Haslen AI
8773,Haslen GL
3415,Hasle-Rüegsau
3415,Hasle-Rüegsau Zustellung
6085,Hasliberg Goldern
6083,Hasliberg Hohfluh
6086,Hasliberg Reuti
6084,Hasliberg Wasserwendi
8564,Hattenhausen
8775,Hätzingen
4633,Hauenstein
8926,Hauptikon
9213,Hauptwil
5212,Hausen AG
8915,Hausen am Albis
3463,Häusernmoos im Emmental
8522,Häuslenen
1997,Haute-Nendaz
2068,Hauterive NE
1648,Hauteville
3510,Häutligen
8908,Hedingen
8908,Hedingen Fächer
9435,Heerbrugg
9435,Heerbrugg Zustellung
8564,Hefenhausen
8580,Hefenhofen
9410,Heiden
9410,Heiden Zustellung
3625,Heiligenschwendi
8888,Heiligkreuz (Mels)
3627,Heimberg
3627,Heimberg Zustellung
3373,Heimenhausen
3615,Heimenschwand
3453,Heimisbach
3412,Heimiswil
4558,Heinrichswil
1714,Heitenried
9216,Heldswil
3155,Helgisried-Rohrbach
6016,Hellbühl
4316,Hellikon
3429,Hellsau
9633,Hemberg
8261,Hemishofen
8231,Hemmental
4465,Hemmiken
9247,Henau
5604,Hendschiken
8444,Henggart
1681,Hennens
1525,Henniez
4715,Herbetswil
3671,Herbligen
3927,Herbriggen
8535,Herdern
1987,Hérémence
6133,Hergiswil b. Willisau
6052,Hergiswil NW
6052,Hergiswil NW Zustellung
9100,Herisau
9101,Herisau
9102,Herisau
9100,Herisau 1
9100,Herisau 1 Zustellung
6028,Herlisberg
1248,Hermance
8330,Hermatswil
1513,Hermenches
5626,Hermetschwil-Staffeln
3475,Hermiswil
3274,Hermrigen
8585,Herrenhof
3037,Herrenschwanden
8704,Herrliberg
8704,Herrliberg Zustellung
4423,Hersberg
4558,Hersiwil
5415,Hertenstein AG
5027,Herznach
3360,Herzogenbuchsee
3360,Herzogenbuchsee Zustellung
4577,Hessigkofen
5317,Hettenschwil
3325,Hettiswil b. Hindelbank
8442,Hettlingen
6024,Hildisrieden
5613,Hilfikon
3652,Hilterfingen
4204,Himmelried
3324,Hindelbank
8132,Hinteregg
9452,Hinterforst
3089,Hinterfultigen
3032,Hinterkappelen
6260,Hintermoos
7438,Hinterrhein
8340,Hinwil
8343,Hinwil Dist Ba
8340,Hinwil Zustellung
5042,Hirschthal
8816,Hirzel
8335,Hittnau
6285,Hitzkirch
6280,Hochdorf
6281,Hochdorf
6280,Hochdorf Zustellung
8182,Hochfelden
3429,Höchstetten
4146,Hochwald
3631,Höfen b. Thun
8242,Hofen SH
9114,Hoffeld
6154,Hofstatt
3858,Hofstetten b. Brienz
4114,Hofstetten SO
8354,Hofstetten ZH
6276,Hohenrain
9216,Hohentannen
3949,Hohtenn
5113,Holderbank AG
4718,Holderbank SO
4434,Hölstein
6343,Holzhäusern ZG
5043,Holziken
3622,Homberg b. Thun
8634,Hombrechtikon
8634,Hombrechtikon Zustellung
8508,Homburg
6038,Honau
3702,Hondrich
3755,Horboden
8810,Horgen
8812,Horgen
8813,Horgen
8810,Horgen 1
8815,Horgenberg
8507,Hörhausen
8181,Höri
9326,Horn
5075,Hornussen
3623,Horrenbach
4557,Horriwil
6048,Horw
9515,Hosenruck
6493,Hospental
5277,Hottwil
4535,Hubersdorf
1884,Huémoz
8565,Hugelshofen
8457,Humlikon
9064,Hundwil
6331,Hünenberg
6333,Hünenberg See
6331,Hünenberg Zustellung
3626,Hünibach
4554,Hüniken
8412,Hünikon (Neftenbach)
8194,Hüntwangen
5502,Hunzenschwil
5510,Hunzenschwil Dist Ba
5510,Hunzenschwil LZ
8640,Hurden
6152,Hüswil
8825,Hütten
8115,Hüttikon
8553,Hüttlingen
8553,Hüttlingen-Mettendorf
4950,Huttwil
4950,Huttwil Zustellung
8536,Hüttwilen
6438,Ibach
4571,Ichertswil
1977,Icogne
3305,Iffwil
7206,Igis
7130,Ilanz
7130,Ilanz Zustellung
6434,Illgau
8556,Illhart
8574,Illighausen
8308,Illnau
1656,Im Fang
6405,Immensee
6571,Indemini
3953,Inden
3375,Inkwil
3044,Innerberg
3619,Innereriz
7445,Innerferrera
8858,Innerthal
3862,Innertkirchen
3232,Ins
6951,Insone
3800,Interlaken
3800,Interlaken Postauto BE Ober
3800,Interlaken Zustellung
6655,Intragna
6476,Intschi
6034,Inwil
2563,Ipsach
6707,Iragna
3807,Iseltwald
3822,Isenfluh
6461,Isenthal
6993,Iseo
1914,Isérables
8546,Islikon
8905,Islisberg
6614,Isole di Brissago
6810,Isone
6810,Isone Caserma
8575,Istighofen
4452,Itingen
5083,Ittenthal
3063,Ittigen
3629,Jaberg
9108,Jakobsbad
1656,Jaun
3303,Jegenstorf
3303,Jegenstorf Zustellung
7233,Jenaz
7307,Jenins
2565,Jens
1793,Jeuss
8645,Jona
8650,Jona Distributionsbasis
8916,Jonen
1805,Jongny
1805,Jongny Distribution
9243,Jonschwil
1008,Jouxtens-Mézery
7448,Juf
3801,Jungfraujoch
1326,Juriens
1254,Jussy
6056,Kägiswil
4303,Kaiseraugst
4303,Kaiseraugst Liebrüti
5466,Kaiserstuhl AG
5082,Kaisten
5625,Kallern
3283,Kallnach
3922,Kalpetran
3413,Kaltacker
6212,Kaltbach
8722,Kaltbrunn
8722,Kaltbrunn Zustellung
8259,Kaltenbach
4535,Kammersrohr
3716,Kandergrund
3718,Kandersteg
4447,Känerkinden
8926,Kappel am Albis
8926,Kappel am Albis Zustellung
4616,Kappel SO
3273,Kappelen
6047,Kastanienbaum
3126,Kaufdorf
8546,Kefikon TG
8543,Kefikon ZH
3122,Kehrsatz
6365,Kehrsiten
8640,Kempraten
8310,Kemptthal
3309,Kernenried
6064,Kerns
3210,Kerzers
3210,Kerzers Zustellung
8593,Kesswil
4703,Kestenholz
4468,Kienberg
3628,Kienersrüti
3723,Kiental
3629,Kiesen
4496,Kilchberg BL
8802,Kilchberg ZH
8802,Kilchberg ZH Zustellung
8956,Killwangen
3917,Kippel
3422,Kirchberg BE
3422,Kirchberg BE Zustellung
9533,Kirchberg SG
5416,Kirchdorf AG
3116,Kirchdorf BE
3128,Kirchenthurnen
5054,Kirchleerau
5054,Kirchleerau-Moosleerau
3038,Kirchlindach
8585,Klarsreuti
8451,Kleinandelfingen
3213,Kleinbösingen
4936,Kleindietwil
5314,Kleindöttingen
3823,Kleine Scheidegg
3212,Kleingurmels
4245,Kleinlützel
6277,Kleinwangen
5313,Klingnau
8750,Klöntal
8109,Kloster Fahr
7250,Klosters
7252,Klosters Dorf
7250,Klosters Zustellung
8302,Kloten
8302,Kloten Bahnhof SBB
8302,Kloten Kaserne
8302,Kloten Zustellung
8881,Knoblisbühl
8934,Knonau
6213,Knutwil
5322,Koblenz
8483,Kollbrunn
5742,Kölliken
3098,Köniz
3098,Köniz Zustellung
3510,Konolfingen
3510,Konolfingen 1 Zustellung
3425,Koppigen
6217,Kottwil
9214,Kradolf
9214,Kradolf-Schönenberg
3315,Kräiligen
3704,Krattigen
3326,Krauchthal
8280,Kreuzlingen
8280,Kreuzlingen 1
8280,Kreuzlingen 1 Zustellung
8280,Kreuzlingen 2
8280,Kreuzlingen 3
8285,Kreuzlingen Ifolor AG
3179,Kriechenwil
4566,Kriegstetten
6010,Kriens
6011,Kriens
6010,Kriens 1
6010,Kriens 2
6010,Kriens 2 Sternmatt
6010,Kriens 2 Zustellung
9451,Kriessern
9622,Krinau
9643,Krummenau
7240,Küblis
6234,Kulmerau
8586,Kümmertshausen
5444,Künten
8700,Küsnacht ZH
8700,Küsnacht ZH Zustellung
6403,Küssnacht am Rigi
6403,Küssnacht am Rigi Zust
5024,Küttigen
4581,Küttigkofen
8314,Kyburg
4586,Kyburg-Buchegg
2406,La Brévine
2406,La Châtagne
1308,La Chaux (Cossonay)
2300,La Chaux-de-Fonds
2301,La Chaux-de-Fonds
2302,La Chaux-de-Fonds
2303,La Chaux-de-Fonds
2304,La Chaux-de-Fonds
2306,La Chaux-de-Fonds
2300,La Chaux-de-Fonds 1
2300,La Chaux-de-Fonds 1 Dististribution
2345,La Chaux-des-Breuleux
2405,La Chaux-du-Milieu
2300,La Chdfds Dist Fil
2300,La Cibourg
2333,La Cibourg
2616,La Cibourg
1862,La Comballaz
1093,La Conversion
1782,La Corbaz
2117,La Côte-aux-Fées
1148,La Coudre
1090,La Croix (Lutry)
1257,La Croix-de-Rozon
1265,La Cure
2333,La Ferrière
1866,La Forclaz VD
1944,La Fouly VS
1933,La Garde (Sembrancher)
2604,La Heutte
1697,La Joux FR
1660,La Lécherette
1687,La Magne
1947,La Montoz (Versegères)
1686,La Neirigue
2520,La Neuveville
2520,La Neuveville Distribution
1966,La Place (Ayent)
1283,La Plaine
1148,La Praz
7522,La Punt-Chamues-ch
1278,La Rippe
1634,La Roche FR
7742,La Rösa
1356,La Russille
1985,La Sage
1450,La Sagne (Ste-Croix)
2314,La Sagne NE
1315,La Sarraz
2720,La Tanne
1658,La Tine
1814,La Tour-de-Peilz
1635,La Tour-de-Trême
1918,La Tzoumaz
1992,La Vernaz (Les Agettes)
1624,La Verrerie
1454,La Vraconnaz
2052,La Vue-des-Alpes
7031,Laax GR
7031,Laax GR 1
7032,Laax GR 2
1344,L'Abbaye
1355,L'Abergement
8853,Lachen SZ
1287,Laconnex
7155,Ladir
2718,Lajoux JU
3931,Lalden
2516,Lamboing
6814,Lamone
6814,Lamone-Cadempino
4432,Lampenberg
8556,Lamperswil TG
1983,Lana (Evolène)
7302,Landquart
7302,Landquart Bahnhof SBB
7302,Landquart Dist Ba
7302,Landquart Zustellung
8597,Landschlacht
4438,Langenbruck
3636,Längenbühl
4513,Langendorf
4900,Langenthal
4901,Langenthal
4902,Langenthal
4900,Langenthal 1
4900,Langenthal 1 Zustellung
8135,Langnau am Albis
8135,Langnau am Albis Zustellung
6262,Langnau b. Reiden
3550,Langnau i. E. Zustellung
3550,Langnau im Emmental
8585,Langrickenbach
7057,Langwies
8246,Langwiesen
9503,Lanterswil
7083,Lantsch/Lenz
3148,Lanzenhäusern
8506,Lanzenneunforn
6724,Largario
7484,Latsch
3758,Latterbach
3053,Lätti
1454,L'Auberson
3782,Lauenen b. Gstaad
6424,Lauerz
6424,Lauerz Zustellung
4448,Läufelfingen
4242,Laufen
4242,Laufen Zustellung
5080,Laufenburg
3177,Laupen BE
3177,Laupen BE Zustellung
8637,Laupen ZH
4712,Laupersdorf
3438,Lauperswil
6549,Laura
1000,Lausanne
1001,Lausanne
1002,Lausanne
1003,Lausanne
1004,Lausanne
1005,Lausanne
1006,Lausanne
1007,Lausanne
1010,Lausanne
1011,Lausanne
1012,Lausanne
1015,Lausanne
1018,Lausanne
1000,Lausanne 1 Dépôt
1000,Lausanne 12
1000,Lausanne 13
1000,Lausanne 14
1000,Lausanne 15
1000,Lausanne 16
1000,Lausanne 17
1000,Lausanne 18
1000,Lausanne 19
1000,Lausanne 2
1000,Lausanne 20
1000,Lausanne 21
1000,Lausanne 22
1000,Lausanne 23
1000,Lausanne 24 Vennes
1000,Lausanne 25
1000,Lausanne 26
1000,Lausanne 27
1000,Lausanne 3
1000,Lausanne 30 Grey Cases
1000,Lausanne 4
1000,Lausanne 5
1000,Lausanne 6
1000,Lausanne 7
1000,Lausanne 8
1000,Lausanne 9
1014,Lausanne Adm cant VD
1017,Lausanne Charles Veillon SA
1000,Lausanne Distribution
1000,Lausanne Parking d'Ouchy
1000,Lausanne Parking du Centre
1019,Lausanne Services spéciaux
1001,Lausanne Sozialberatung
1000,Lausanne Swisscom
4415,Lausen
4415,Lausen Zustellung
3822,Lauterbrunnen
4426,Lauwil
6633,Lavertezzo
1892,Lavey-les-Bains
1892,Lavey-Village
1175,Lavigny
7543,Lavin
6746,Lavorgo
3994,Lax
2877,Le Bémont JU
1348,Le Brassus
2406,Le Brouillet
1645,Le Bry
2414,Le Cerneux-Péquignot
2345,Le Cerneux-Veusil
1934,Le Châble VS
1934,Le Châble VS Distribution
1450,Le Château-de-Ste-Croix
1925,Le Châtelard VS
1689,Le Châtelard-près-Romont
2322,Le Crêt-du-Locle
1611,Le Crêt-près-Semsales
1947,Le Fregnoley (Versegères)
2712,Le Fuet
1218,Le Grand-Saconnex
1609,Le Jordil
2525,Le Landeron
1345,Le Lieu
1219,Le Lignon
1219,Le Lignon Distribution
2400,Le Locle
2400,Le Locle Distribution
1801,Le Mont-Pèlerin
1052,Le Mont-sur-Lausanne
1052,Le Mont-sur-Lausanne Dist
1948,Le Morgnes (Lourtier)
1724,Le Mouret
1273,Le Muids
2340,Le Noirmont
2340,Le Noirmont Distribution
2058,Le Pâquier NE
1661,Le Pâquier-Montbarry
1948,Le Planchamp (Lourtier)
1342,Le Pont
2714,Le Prédame
7746,Le Prese
2400,Le Prévoux
1347,Le Sentier
1347,Le Sentier Distribution
1863,Le Sépey
1347,Le Solliat
1923,Le Trétien
1261,Le Vaud
1773,Léchelles
6556,Leggia
5325,Leibstadt
5733,Leimbach AG
8584,Leimbach TG
4935,Leimiswil
3706,Leissigen
9525,Lenggenwil
5426,Lengnau AG
2543,Lengnau BE
8574,Lengwil-Oberhofen
3775,Lenk i. S. Zustellung
3775,Lenk im Simmental
1978,Lens
1745,Lentigny
5600,Lenzburg
5600,Lenzburg 1
5600,Lenzburg 2
5600,Lenzburg Bahnhof SBB
5601,Lenzburg Sonderdienste
5600,Lenzburg Zustellung
7078,Lenzerheide Zustellung
7078,Lenzerheide/Lai
6716,Leontica
1227,Les Acacias
1992,Les Agettes
1220,Les Avanchets
1833,Les Avants
2127,Les Bayards
1346,Les Bioux
2336,Les Bois
2416,Les Brenets
2345,Les Breuleux
1343,Les Charbonnières
1356,Les Clées
1988,Les Collons
1873,Les Crosets
1080,Les Cullayes
1865,Les Diablerets
1697,Les Ecasseys
2748,Les Ecorcheresses
2338,Les Emibois
2875,Les Enfers
1897,Les Evouettes
1566,Les Friques
2206,Les Geneveys-sur-Coffrane
2714,Les Genevez JU
1871,Les Giettes
1922,Les Granges (Salvan)
1984,Les Haudères
2208,Les Hauts-Geneveys
2325,Les Joux-Derrière
1923,Les Marécottes
1992,Les Mayens-de-Sion
1808,Les Monts-de-Corsier
1068,Les Monts-de-Pully
1862,Les Mosses
1660,Les Moulins
1945,Les Moulins VS (Liddes)
1619,Les Paccots
1947,Les Places (Versegères)
2325,Les Planchettes
1880,Les Plans-sur-Bex
2353,Les Pommerats
2610,Les Pontins
2316,Les Ponts-de-Martel
1882,Les Posses-sur-Bex
2534,Les Prés-d'Orvin
1452,Les Rasses
2722,Les Reussilles
2124,Les Sagnettes
1669,Les Sciernes-d'Albeuve
2406,Les Taillères
1607,Les Tavernes
1607,Les Thioleyres
1932,Les Valettes (Bovernier)
1955,Les Vérines (Chamoson)
2126,Les Verrières
2054,Les Vieux-Prés
1669,Lessoc
1660,L'Etivaz
8774,Leuggelbach
5316,Leuggern
3953,Leuk Stadt
3954,Leukerbad
5725,Leutwil
3297,Leuzigen
1942,Levron
1854,Leysin
1854,Leysin Distribution
1912,Leytron
7745,Li Curt
9614,Libingen
9620,Lichtensteig
1945,Liddes
3097,Liebefeld
3213,Liebistorf
4436,Liedertswil
1688,Lieffrens
6277,Lieli LU
9464,Lienz
4253,Liesberg
4254,Liesberg Dorf
4410,Liestal
4410,Liestal Bahnhof SBB
4410,Liestal Dist Fil
4410,Liestal Kaserne
4410,Liestal Zustellung
1969,Liez (St-Martin)
2514,Ligerz
1357,Lignerolle
2523,Lignières
6853,Ligornetto
3317,Limpach
8315,Lindau
3673,Linden
6682,Linescio
5224,Linn
8783,Linthal
8564,Lipperswil
8566,Lippoldswilen
1148,L'Isle
6014,Littau
6014,Littau Zustellung
9573,Littenheid
7058,Litzirüti
3268,Lobsigen
3960,Loc
6600,Locarno
6601,Locarno
6604,Locarno
6605,Locarno
6600,Locarno 1
6600,Locarno 3 Stazione Autopost
6600,Locarno 4 Solduno
6600,Locarno Distribuzione
6600,Locarno Stazione FFS
6661,Loco
6678,Lodano
6527,Lodrino
7433,Lohn GR
8235,Lohn SH
8235,Lohn SH Zustellung
4573,Lohn-Ammannsegg
8224,Löhningen
3127,Lohnstorf
9308,Lömmenschwil
9506,Lommis
4514,Lommiswil
1027,Lonay
1261,Longirod
6956,Lopagno
6616,Losone
6616,Losone Caserma
6616,Losone Distribuzione
1782,Lossy
6558,Lostallo
4654,Lostorf
6716,Lottigna
4932,Lotzwil
1948,Lourtier
1682,Lovatens
1756,Lovens
2732,Loveresse
7534,Lü
1966,Luc (Ayent)
2807,Lucelle
1522,Lucens
9450,Lüchingen
8775,Luchsingen
8775,Luchsingen Zustellung
8775,Luchsingen-Hätzingen
6721,Ludiano
7027,Lüen
8426,Lufingen
6953,Lugaggia
6900,Lugano
6901,Lugano
6903,Lugano
6900,Lugano 1
6901,Lugano 1 Caselle Distribuzi
6900,Lugano 2
6902,Lugano 2 Paradiso Caselle
6900,Lugano 3
6900,Lugano 4
6904,Lugano 4 Molino Nuovo Casel
6905,Lugano 5 Serv Autopostali
6900,Lugano 6
6906,Lugano 6 Cassarate Caselle
6900,Lugano 7
6907,Lugano 7 Loreto Caselle
6900,Lugano 8
6900,Lugano Distribuzione
6900,Lugano MailSource
6910,Lugano Servizi Speciali
6900,Lugano Stazione FSS
2933,Lugnez
1789,Lugnorre
1184,Luins
1470,Lully FR
1132,Lully VD
7148,Lumbrein
6533,Lumino
6078,Lungern
5242,Lupfig
4419,Lupsingen
3215,Lurtigen
2576,Lüscherz
1307,Lussery-Villars
4574,Lüsslingen
1690,Lussy FR
1167,Lussy-sur-Morges
8512,Lustdorf
9062,Lustmühle
4542,Luterbach
4571,Lüterkofen
4571,Lüterkofen-Ichertswil
4584,Lüterswil
6156,Luthern
6156,Luthern Bad
9604,Lütisburg
9601,Lütisburg Station
1095,Lutry
1095,Lutry Distribution
3816,Lütschental
3432,Lützelflüh-Goldbach
9426,Lutzenberg
7141,Luven
7242,Luzein
6000,Luzern
6002,Luzern
6003,Luzern
6004,Luzern
6005,Luzern
6006,Luzern
6007,Luzern
6009,Luzern
6000,Luzern 1 Annahme
6000,Luzern 1 PF
6000,Luzern 10
6000,Luzern 11
6000,Luzern 14
6000,Luzern 15
6000,Luzern 16
6000,Luzern 30 AAL
6000,Luzern 31
6000,Luzern 4
6000,Luzern 5
6000,Luzern 6
6000,Luzern 7
6000,Luzern Dist Ba
6000,Luzern Kaserne
6000,Luzern Postauto Zentralschweiz
6008,Luzern UBS
6000,Luzern Zustellung
3250,Lyss
3250,Lyss Kaserne
3250,Lyss Zustellung
3421,Lyssach
1987,Mâche
8322,Madetswil
4934,Madiswil
6995,Madonna del Piano
6780,Madrano
8886,Mädris-Vermol
7523,Madulain
6573,Magadino
4312,Magden
5506,Mägenwil
5506,Mägenwil Dist Ba
5506,Mägenwil GKA
5506,Mägenwil HUB
5506,Mägenwil VDS
6673,Maggia
2532,Magglingen/Macolin
6983,Magliaso
6959,Maglio di Colla
1727,Magnedens
7304,Maienfeld
6763,Mairengo
4464,Maisprach
7026,Maladers
7208,Malans GR
9479,Malans SG
7074,Malix
2735,Malleray
2735,Malleray-Bévilard
2735,Malleray-Bévilard Dist
7516,Maloja
6102,Malters
6102,Malters Zustellung
6713,Malvaglia
3152,Mamishaus
8265,Mammern
5318,Mandach
8708,Männedorf
8708,Männedorf Zustellung
8268,Mannenbach-Salenstein
1775,Mannens
6928,Manno
6928,Manno Dist Fil
1613,Maracon
6196,Marbach LU
9437,Marbach SG
1261,Marchissy
4115,Mariastein
2074,Marin-Centre
2074,Marin-Epagnier
2074,Marin-Epagnier Distribution
1723,Marly
1723,Marly 1
1723,Marly 1 Distribution
1723,Marly 2
7456,Marmorera
1524,Marnand
6817,Maroggia
6723,Marolta
1633,Marsens
8560,Märstetten
8460,Marthalen
1063,Martherenges
1920,Martigny
1920,Martigny 1
1920,Martigny 1 Distribution
1920,Martigny 2
1920,Martigny Gare CFF
1919,Martigny Groupe Mutuel
1921,Martigny-Croix
7560,Martina
3994,Martisberg
9562,Märwil
8933,Maschwanden
1968,Mase
7425,Masein
6900,Massagno
6908,Massagno Caselle
1869,Massongex
1692,Massonnens
7303,Mastrils
1438,Mathod
7433,Mathon
1753,Matran
8766,Matt
3773,Matten (St. Stephan)
3800,Matten b. Interlaken
3322,Mattstetten
8585,Mattwil
4713,Matzendorf
9548,Matzingen
1453,Mauborget
6216,Mauensee
1625,Maules
8124,Maur
1148,Mauraz
8576,Mauren TG
1911,Mayens-de-Chamoson
1965,Mayens-de-la-Zour (Savièse)
6809,Medeglia
7436,Medels im Rheinwald
6045,Meggen
6045,Meggen Zustellung
6260,Mehlsecken
6485,Meien
5643,Meienberg
3294,Meienried
6344,Meierskappel
3045,Meikirch
8706,Meilen
8706,Meilen Zustellung
1252,Meinier
2554,Meinisberg
3860,Meiringen
3860,Meiringen Zustellung
5616,Meisterschwanden
6818,Melano
4917,Melchnau
6068,Melchsee-Frutt
6067,Melchtal
6815,Melide
5465,Mellikon
5507,Mellingen
8887,Mels
8887,Mels Kaserne
8887,Mels Zustellung
4233,Meltingen
6850,Mendrisio
6850,Mendrisio Borgo
6871,Mendrisio CS
6850,Mendrisio Distribuzione
6850,Mendrisio Stazione
1533,Ménières
6125,Menzberg
8546,Menzengrüt
5737,Menziken
6313,Menzingen
6122,Menznau
6692,Menzonio
5634,Merenschwand
6647,Mergoscia
6866,Meride
8232,Merishausen
3658,Merligen
6402,Merlischachen
2827,Mervelier
3274,Merzligen
6563,Mesocco
3254,Messen
5274,Mettau
2806,Mettembert
8553,Mettendorf TG
9517,Mettlen
8932,Mettmenstetten
8932,Mettmenstetten Zustellung
4116,Metzerlen
1031,Mex VD
1890,Mex VS
3280,Meyriez
1217,Meyrin
1217,Meyrin 1
1217,Meyrin 2
1217,Meyrin Distribution
1407,Mézery-près-Donneloye
1684,Mézières FR
1083,Mézières VD
6805,Mezzovico
1749,Middes
2946,Miécourt
3972,Miège
1295,Mies
1295,Mies-Tannay
1896,Miex
6986,Miglieglia
3157,Milken
6648,Minusio
7743,Miralago
3532,Mirchel
1991,Misériez (Salins)
1721,Misery
1721,Misery-Courtion
1565,Missy
8756,Mitlödi
3147,Mittelhäusern
7222,Mittellunden
9122,Mogelsberg
6677,Moghegno
6677,Moghegno-Aurigeno
4313,Möhlin
4313,Möhlin Zustellung
1148,Moiry VD
6760,Molare
6524,Moleno
1663,Moléson-sur-Gruyères
6995,Molinazzo di Monteggio
7056,Molinis
1146,Mollens VD
3974,Mollens VS
1073,Mollie-Margot
8753,Mollis
1415,Molondin
8885,Mols
7183,Mompé Medel
7458,Mon
8617,Mönchaltorf
6659,Moneto
2715,Monible
1125,Monnaz
2608,Montagne-de-Courtelary
2615,Montagne-de-Sonvilier
1934,Montagnier (Le Châble VS)
6926,Montagnola
1912,Montagnon (Leytron)
1440,Montagny-Chamard
1776,Montagny-la-Ville
1774,Montagny-les-Monts
1442,Montagny-près-Yverdon
2027,Montalchez
3963,Montana
1041,Montaubion-Chardonney
2857,Montavon
1669,Montbovon
1475,Montbrelloz
1354,Montcherand
2610,Mont-Crosin
2116,Mont-de-Buttes
6875,Monte
6605,Monte Brè sopra Locarno
6513,Monte Carasso
1965,Monteiller-Savièse
2884,Montenol
1483,Montet (Broye)
1674,Montet (Glâne)
1724,Montévraz
2037,Montezillon
2875,Montfaucon
2874,Montfavergier
5237,Mönthal
1174,Montherod
1870,Monthey
1870,Monthey 1
1870,Monthey 1 Distribution
1870,Monthey 2
2924,Montignez
1148,Mont-la-Ville
9462,Montlingen
1587,Montmagny
2883,Montmelon
2037,Montmollin
1081,Montpreveyres
1099,Montpreveyres Fotolabo Club
1820,Montreux
1820,Montreux 1
1820,Montreux 1 Distribution
1820,Montreux 2
1818,Montreux La Redoute
1147,Montricher
2828,Montsevelier
2610,Mont-Soleil
1185,Mont-sur-Rolle
2723,Mont-Tramelan
5054,Moosleerau
3302,Moosseedorf
6834,Morbio Inferiore
6835,Morbio Superiore
1892,Morcles
6922,Morcote
3983,Mörel
1541,Morens FR
6315,Morgarten
1110,Morges
1110,Morges 1
1110,Morges 2
1110,Morges 3
1110,Morges Distribution
1875,Morgins
2572,Mörigen
5103,Möriken AG
7143,Morissen
1674,Morlens
1638,Morlon
1054,Morrens VD
6443,Morschach
9402,Mörschwil
6295,Mosen
9607,Mosnang
6611,Mosogno
1675,Mossel
1787,Môtier (Vully)
2112,Môtiers NE
3324,Mötschwil
6721,Motto (Blenio)
1510,Moudon
1510,Moudon Caserne
1510,Moudon Distribution
2740,Moutier
2740,Moutier 1
2740,Moutier 1 Distribution
2740,Moutier 2
2812,Movelier
6939,Mugena
6838,Muggio
5037,Muhen
5642,Mühlau
3995,Mühlebach (Goms)
3203,Mühleberg
3116,Mühledorf BE
4583,Mühledorf SO
8874,Mühlehorn
4812,Mühlethal
3127,Mühlethurnen
9613,Mühlrüti
3317,Mülchi
7455,Mulegns
3711,Mülenen
8555,Müllheim Dorf
8554,Müllheim-Wigoltingen
5243,Mülligen
4717,Mümliswil
4322,Mumpf
3053,Münchenbuchsee
3053,Münchenbuchsee Zustellung
4142,Münchenstein
4142,Münchenstein 1
4142,Münchenstein 1 Zustellung
4142,Münchenstein 3
1797,Münchenwiler
3303,Münchringen
4333,Münchwilen AG
9542,Münchwilen TG
9542,Münchwilen TG Zustellung
3903,Mund
3110,Münsingen
3110,Münsingen Zustellung
3985,Münster VS
8596,Münsterlingen
3286,Muntelier
3225,Müntschemier
9313,Muolen
6436,Muotathal
1787,Mur (Vully) FR
1787,Mur (Vully) VD
6600,Muralto
6602,Muralto
1893,Muraz (Collombey)
3960,Muraz (Sierre)
8877,Murg
4853,Murgenthal
5630,Muri AG
5630,Muri AG Zustellung
3074,Muri b. Bern
2338,Muriaux
1489,Murist
3825,Mürren
3280,Murten
3280,Murten Zustellung
3034,Murzelen
9602,Müselbach
7537,Müstair
6289,Müswangen
1428,Mutrux
7431,Mutten
4132,Muttenz
4132,Muttenz 1
4132,Muttenz 1 Zustellung
4132,Muttenz 2
6933,Muzzano
8752,Näfels
8606,Nänikon
8606,Nänikon Zustellung
9123,Nassen
3904,Naters
1973,Nax
1041,Naz
6244,Nebikon
9126,Necker
8173,Neerach
8413,Neftenbach
6991,Neggio
1669,Neirivue
1955,Némiaz (Chamoson)
4574,Nennigkofen
4224,Nenzlingen
8484,Neschwil
5524,Nesselnbach
9650,Nesslau
8754,Netstal
8759,Netstal
9652,Neu St. Johann
6314,Neuägeri
2000,Neuchâtel
2008,Neuchâtel
2001,Neuchâtel 1
2002,Neuchâtel 2
2000,Neuchâtel 2 Distribution
2003,Neuchâtel 3
2004,Neuchâtel 4
2006,Neuchâtel 6
2007,Neuchâtel 7
2009,Neuchâtel 9
2010,Neuchâtel OFS
6025,Neudorf
4623,Neuendorf
3176,Neuenegg
5432,Neuenhof
6206,Neuenkirch
8732,Neuhaus SG
8212,Neuhausen a. Rh. 1 Zust
8212,Neuhausen am Rheinfall
8212,Neuhausen am Rheinfall 1
8212,Neuhausen am Rheinfall 2
6345,Neuheim
9315,Neukirch (Egnach)
9217,Neukirch an der Thur
8213,Neunkirch
8566,Neuwilen
1740,Neyruz FR
1515,Neyruz-sur-Moudon
2560,Nidau
2560,Nidau Zustellung
8772,Nidfurn
4704,Niederbipp
4704,Niederbipp Zustellung
4626,Niederbuchsiten
9246,Niederbüren
4435,Niederdorf
3945,Niedergampel
3942,Niedergesteln
9240,Niederglatt SG
8172,Niederglatt ZH
5013,Niedergösgen
8155,Niederhasli
8155,Niederhasli Zustellung
9527,Niederhelfenschwil
3504,Niederhünigen
5702,Niederlenz
3087,Niedermuhlern
8525,Niederneunforn
3362,Niederönz
3424,Niederösch
6383,Niederrickenbach
3853,Niederried b. Interlaken
3283,Niederried b. Kallnach
5443,Niederrohrdorf
3145,Niederscherli
9249,Niederstetten
3632,Niederstocken
9052,Niederteufen
8867,Niederurnen
8867,Niederurnen Dist Fil
9244,Niederuzwil
3989,Niederwald
3172,Niederwangen b. Bern
8166,Niederweningen
5524,Niederwil AG
9203,Niederwil SG
4523,Niederwil SO
1772,Nierlet-les-Bois
3960,Niouc
6683,Niva (Vallemaggia)
6746,Nivo
2518,Nods
3976,Noës
3116,Noflen BE
8212,Nohl
2103,Noiraigue
1757,Noréaz
6207,Nottwil
6207,Nottwil Paraplegikerzentrum
6986,Novaggio
1431,Novalles
6883,Novazzano
1845,Noville
7437,Nufenen
4412,Nuglar
4208,Nunningen
8309,Nürensdorf
5415,Nussbaumen AG
5415,Nussbaumen AG Zustellung
8537,Nussbaumen TG
4453,Nusshof
1485,Nuvilly
1260,Nyon
1260,Nyon 1
1260,Nyon 1 Distribution
1260,Nyon 2
1260,Nyon car postal La Côte-Ju
1260,Nyon Gare CFF
6363,Obbürgen
8587,Oberaach
6315,Oberägeri
6414,Oberarth
3096,Oberbalm
4524,Oberbalmberg
4538,Oberbipp
5225,Oberbözberg
4625,Oberbuchsiten
9245,Oberbüren
3414,Oberburg
9565,Oberbussnang
3088,Oberbütschel
3672,Oberdiessbach
4436,Oberdorf BL
6370,Oberdorf NW
4515,Oberdorf SO
9413,Oberegg
8425,Oberembrach
3948,Oberems
8102,Oberengstringen
5036,Oberentfelden
5036,Oberentfelden Zustellung
5108,Oberflachs
3551,Oberfrittenbach
4564,Obergerlafingen
3988,Obergesteln
8154,Oberglatt ZH
3434,Obergoldbach
4653,Obergösgen
8216,Oberhallau
8156,Oberhasli
9621,Oberhelfenschwil
5062,Oberhof
5273,Oberhofen AG
3653,Oberhofen am Thunersee
3504,Oberhünigen
8843,Oberiberg
6208,Oberkirch LU
5727,Oberkulm
8917,Oberlunkhofen
4324,Obermumpf
7431,Obermutten
6012,Obernau
8526,Oberneunforn
8526,Oberneunforn Zustellung
3363,Oberönz
3424,Oberösch
4588,Oberramsern
6387,Oberrickenbach
3854,Oberried am Brienzersee
1724,Oberried FR
8942,Oberrieden
9463,Oberriet SG
9463,Oberriet SG Zustellung
9604,Oberrindal
5452,Oberrohrdorf
5647,Oberrüti
7133,Obersaxen Affeier
7136,Obersaxen Friggahüs
7135,Obersaxen Giraniga
7134,Obersaxen Meierhof
9479,Oberschan
1716,Oberschrot
8477,Oberstammheim
4924,Obersteckholz
9249,Oberstetten
3632,Oberstocken
8884,Oberterzen
3531,Oberthal
8868,Oberurnen
9242,Oberuzwil
3999,Oberwald
3173,Oberwangen b. Bern
8374,Oberwangen TG
8165,Oberweningen
8471,Oberwil (Dägerlen)
3298,Oberwil b. Büren
6317,Oberwil b. Zug
4104,Oberwil BL
4104,Oberwil BL Zustellung
3765,Oberwil im Simmental
8966,Oberwil-Lieli
8912,Obfelden
8758,Obstalden
3367,Ochlenberg
2889,Ocourt
6951,Odogno
4566,Oekingen
4702,Oensingen
4702,Oensingen Bahnhof SBB
4702,Oensingen Hub SecurePost
4702,Oensingen Zustellung
8461,Oerlingen
4943,Oeschenbach
5072,Oeschgen
3776,Oeschseite
8618,Oetwil am See
8618,Oetwil am See Dist Fil
8955,Oetwil an der Limmat
3753,Oey
4665,Oftringen
4665,Oftringen 1
4665,Oftringen 1 Zustellung
4665,Oftringen 2
4665,Oftringen Hub PL43
4665,Oftringen PostLogistics PL4
4665,Oftringen SPN
1045,Ogens
6955,Oggio
6143,Ohmstal
1580,Oleyres
6718,Olivone
1867,Ollon VD
3971,Ollon VS
4305,Olsberg
4600,Olten
4601,Olten
4603,Olten
4600,Olten 1
4600,Olten 2 Zustellung
4600,Olten Kurierzentrum Filiale
4609,Olten Sonderdienste
4600,Olten Swisscom
4494,Oltingen
1213,Onex
1756,Onnens FR
1425,Onnens VD
8584,Opfershofen TG
8236,Opfertshofen SH
8152,Opfikon
1047,Oppens
9565,Oppikon
3629,Oppligen
1350,Orbe
1350,Orbe Distribution
1430,Orges
1341,Orient
6945,Origlio
4466,Ormalingen
1965,Ormône (Savièse)
1317,Orny
1610,Oron-la-Ville
1608,Oron-le-Châtel
2552,Orpund
6644,Orselina
1937,Orsières
1694,Orsonnens
3042,Ortschwaben
2534,Orvin
1413,Orzens
3476,Oschwand
6763,Osco
6703,Osogna
7710,Ospizio Bernina
8475,Ossingen
8218,Osterfingen
3072,Ostermundigen
3072,Ostermundigen 1
3072,Ostermundigen 2
3071,Ostermundigen Dist Ba
3070,Ostermundigen LZB
3070,Ostermundigen LZB BHS-AF
3072,Ostermundigen Rüti Fächer
3072,Ostermundigen SB
3071,Ostermundigen Zustellung
8112,Otelfingen
5504,Othmarsingen
8913,Ottenbach
8626,Ottikon (Gossau ZH)
8307,Ottikon b. Kemptthal
8561,Ottoberg
1377,Oulens-sous-Echallens
1522,Oulens-sur-Lucens
1911,Ovronnaz
7028,Pagig
1416,Pailly
6657,Palagnedra
1945,Palasuit (Liddes)
1607,Palézieux
1607,Palézieux Distribution
1607,Palézieux-Village
6915,Pambio-Noranco
1142,Pampigny
1867,Panex
7243,Pany
6900,Paradiso
7076,Parpan
7464,Parsonz
7417,Paspels
7062,Passugg-Araschgen
1094,Paudex
1530,Payerne
1530,Payerne Caserne
1530,Payerne Distribution
6912,Pazzallo
6695,Peccia
6832,Pedrinate
7110,Peiden
7029,Peist
1059,Peney-le-Jorat
1783,Pensier
1305,Penthalaz
1303,Penthaz
1375,Penthéréaz
6035,Perlen
1258,Perly
2742,Perrefitte
1166,Perroy
6744,Personico
2603,Péry
2034,Peseux
1945,Petit Vichères (Liddes)
1213,Petit-Lancy
1213,Petit-Lancy 1
1213,Petit-Lancy 2
1213,Petit-Lancy Distribution
2316,Petit-Martel
1063,Peyres-Possens
7312,Pfäfers
8118,Pfaffhausen
8808,Pfäffikon Bahnhof SBB
8808,Pfäffikon SZ
8808,Pfäffikon SZ Zustellung
8330,Pfäffikon ZH
8330,Pfäffikon ZH Zustellung
6264,Pfaffnau
5735,Pfeffikon LU
4148,Pfeffingen
8422,Pfungen
8505,Pfyn
6959,Piandera Paese
6582,Pianezzo
6695,Piano di Peccia
6579,Piazzogna
1723,Pierrafortscha
2542,Pieterlen
7443,Pignia
7156,Pigniu
6010,Pilatus Kulm
6776,Piotta
7111,Pitasch
8879,Pizolpark (Mels)
1174,Pizy
1716,Plaffeien
2536,Plagne
1228,Plan-les-Ouates
1737,Plasselb
7185,Platta
9428,Platz AR
7517,Plaun da Lej
2807,Pleigne
2953,Pleujouse
8889,Plons
3638,Pohlern
1041,Poliez-le-Grand
1041,Poliez-Pittet
6742,Pollegio
1318,Pompaples
1405,Pomy
1699,Pont (Veveyse)
1962,Pont-de-la-Morge (Sion)
6946,Ponte Capriasca
6996,Ponte Cremenaga
6988,Ponte Tresa
2733,Pontenet
1772,Ponthaux
1649,Pont-la-Ville
6724,Ponto Valentino
7504,Pontresina
7504,Pontresina Zustellung
2900,Porrentruy
2900,Porrentruy 1
2900,Porrentruy 1 Distribution
2900,Porrentruy 2
2900,Porrentruy Caserne
1699,Porsel
2562,Port
1568,Portalban
7423,Portein
6613,Porto Ronco
1897,Port-Valais
6948,Porza
1726,Posat
7742,Poschiavo
1725,Posieux
7063,Praden
7231,Pragg-Jenaz
1408,Prahins
1197,Prangins
1528,Praratoud
1947,Prarreyer (Versegères)
6773,Prato (Leventina)
6694,Prato-Sornico
4133,Pratteln
4133,Pratteln 1
4133,Pratteln 1 Zustellung
4133,Pratteln 2
4133,Pratteln SPI Logistics
7415,Pratval
1991,Pravidondaz (Salins)
7424,Präz
1788,Praz (Vully)
1943,Praz-de-Fort
7482,Preda
6963,Pregassona
6963,Pregassona Distribuzione
2515,Prêles
1324,Premier
6523,Preonzo
1243,Presinge
1028,Préverenges
1410,Prévondavaux
1682,Prévonloup
1746,Prez-vers-Noréaz
1677,Prez-vers-Siviriez
1008,Prilly
1663,Pringy
1912,Produit (Leytron)
1624,Progens
1673,Promasens
7606,Promontogno
6526,Prosito
1428,Provence
6723,Prugiasco
6823,Pugerna
1070,Puidoux
1070,Puidoux-Gare
1009,Pully
1241,Puplinge
6984,Pura
6989,Purasca
7228,Pusserein
7224,Putz
8883,Quarten
6572,Quartino
8878,Quinten
6777,Quinto
7172,Rabius
3271,Radelfingen b. Aarberg
8197,Rafz
6026,Rain
6060,Ramersberg
8487,Rämismühle
4719,Ramiswil
4433,Ramlinsburg
7556,Ramosch
3435,Ramsei
8262,Ramsen
6862,Rancate
1439,Rances
3928,Randa
3975,Randogne
3439,Ranflüh
6577,Ranzo
8558,Raperswilen
3255,Rapperswil BE
8640,Rapperswil SG
8640,Rapperswil SG Zustellung
3942,Raron
6655,Rasa
1928,Ravoire
6491,Realp
7408,Realta
2832,Rebeuvelier
2717,Rebévelier
9445,Rebstein
4565,Recherswil
1718,Rechthalten
3966,Réchy
3998,Reckingen VS
2912,Réclère
2732,Reconvilier
8158,Regensberg
8105,Regensdorf
8105,Regensdorf 1
8105,Regensdorf 1 Zustellung
8106,Regensdorf 2
9038,Rehetobel
3713,Reichenbach im Kandertal
8864,Reichenburg
6260,Reiden
6260,Reiden Zustellung
6260,Reidermoos
4418,Reigoldswil
5734,Reinach AG
5734,Reinach AG Zustellung
4153,Reinach BL
4153,Reinach BL 1
4153,Reinach BL 2
4153,Reinach BL Zustellung
4919,Reisiswil
5057,Reitnau
5332,Rekingen AG
1617,Remaufens
5453,Remetschwil
5236,Remigen
2616,Renan BE
1020,Renens Gare CFF
1020,Renens VD
1020,Renens VD 1
1020,Renens VD 1 Distribution
1020,Renens VD 2
6162,Rengg
1847,Rennaz
6285,Retschwil
6015,Reussbühl
6015,Reussbühl Zustellung
9411,Reute AR
3647,Reutigen
8404,Reutlingen (Winterthur)
1128,Reverolle
7403,Rhäzüns
8462,Rheinau
9424,Rheineck
9424,Rheineck Zustellung
4310,Rheinfelden
4310,Rheinfelden 1
4310,Rheinfelden 1 Zustellung
4310,Rheinfelden 2
4310,Rheinfelden Bahnhof SBB
4310,Rheinfelden Post Auto AG
4310,Rheinfelden SPI Logistics A
8259,Rheinklingen
5084,Rheinsulz
1632,Riaz
6595,Riazzino
6595,Riazzino Distribuzione
6263,Richenthal
3078,Richigen
8805,Richterswil
8805,Richterswil Burghalden SOB
8726,Ricken SG
6432,Rickenbach b. Schwyz
9532,Rickenbach b. Wil
4462,Rickenbach BL
6221,Rickenbach LU
4613,Rickenbach SO
8545,Rickenbach Sulz
8545,Rickenbach ZH
8352,Ricketwil (Winterthur)
1908,Riddes
3724,Ried (Frutigen)
6436,Ried (Muotathal)
3216,Ried b. Kerzers
3911,Ried-Brig
5415,Rieden AG
8739,Rieden SG
3987,Riederalp
8750,Riedern
4533,Riedholz
8616,Riedikon
3986,Ried-Mörel
3159,Riedstätt
8586,Riedt b. Erlen
3475,Riedtwil
4125,Riehen
4125,Riehen 1
4125,Riehen 1 Zustellung
4125,Riehen 2
7128,Riein
6452,Riemenstalden
8412,Riet (Neftenbach)
5323,Rietheim
1097,Riex
3156,Riffenmatt
8911,Rifferswil
3132,Riggisberg
6356,Rigi Kaltbad
6410,Rigi Klösterli
6410,Rigi Kulm
6410,Rigi Scheidegg
6410,Rigi Staffel
4853,Riken AG
8486,Rikon im Tösstal
3852,Ringgenberg BE
3656,Ringoldswil
5223,Riniken
7463,Riom
6343,Risch
3989,Ritzingen
6826,Riva San Vitale
1071,Rivaz
1945,Rive Haute (Liddes)
6674,Riveo
6802,Rivera
6802,Rivera Caserma
3206,Rizenbach
6599,Robasacco
1852,Roche VD
2912,Roche-d'Or
2019,Rochefort
2762,Roches BE
2907,Rocourt
7415,Rodels
4118,Rodersdorf
6772,Rodi-Fiesso
2814,Roggenburg
6265,Roggliswil
4914,Roggwil BE
9325,Roggwil TG
5032,Rohr AG
4655,Rohr b. Olten
4938,Rohrbach
4938,Rohrbachgraben
6132,Rohrmatt
1180,Rolle
1180,Rolle Distribution
1323,Romainmôtier
1423,Romairon
1032,Romanel-sur-Lausanne
1032,Romanel-sur-Lausanne Shell
1122,Romanel-sur-Morges
1626,Romanens
8590,Romanshorn
8590,Romanshorn Zustellung
5022,Rombach
6027,Römerswil LU
2538,Romont BE
1680,Romont Caserne
1680,Romont FR
1680,Romont FR Distribution
6113,Romoos
7454,Rona
6622,Ronco sopra Ascona
7430,Rongellen
6037,Root
6039,Root Längenbold
6039,Root Längenbold SH
6037,Root Zustellung
1088,Ropraz
8427,Rorbas
8427,Rorbas-Freienstein
9400,Rorschach
9401,Rorschach
9400,Rorschach Bahnhof SBB
9400,Rorschach Zustellung
9404,Rorschacherberg
4244,Röschenz
1754,Rosé
3860,Rosenlaui
6548,Rossa
2842,Rossemaison
1513,Rossenges
1728,Rossens FR
1554,Rossens VD
3204,Rosshäusern
1658,Rossinière
9512,Rossrüti
6760,Rossura
3913,Rosswald
3373,Röthenbach Herzogenbuchsee
3538,Röthenbach im Emmental
7405,Rothenbrunnen
6023,Rothenburg
6023,Rothenburg Zustellung
4467,Rothenfluh
9565,Rothenhausen
6418,Rothenthurm
4852,Rothrist
4852,Rothrist Zustellung
3901,Rothwald
6343,Rotkreuz
6343,Rotkreuz Bahnhof SBB
6343,Rotkreuz Zustellung
8919,Rottenschwil
1659,Rougemont
1965,Roumaz (Savièse)
6535,Roveredo GR
6957,Roveredo TI
6821,Rovio
1463,Rovray
3113,Rubigen
3437,Rüderswil
8455,Rüdlingen
8465,Rudolfingen
8964,Rudolfstetten
3422,Rüdtligen
1673,Rue
3474,Rüedisbach
3088,Rüeggisberg
3417,Rüegsau
3415,Rüegsauschachen
3418,Rüegsbach
7189,Rueras
8735,Rüeterswil
7156,Rueun
1046,Rueyres
1542,Rueyres-les-Prés
1695,Rueyres-St-Laurent
1626,Rueyres-Treyfayes
5235,Rüfenach AG
3075,Rüfenacht BE
8723,Rufi
3472,Rumendingen
5464,Rümikon AG
4539,Rumisberg
8153,Rümlang
8153,Rümlang Zustellung
3128,Rümligen
4444,Rümlingen
4497,Rünenberg
5102,Rupperswil
3251,Ruppoldsried
3153,Rüschegg Gambach
3154,Rüschegg Heubach
7154,Ruschein
8803,Rüschlikon
8332,Russikon
1281,Russin
6662,Russo
1773,Russy
6017,Ruswil
6017,Ruswil Zustellung
9464,Rüthi (Rheintal)
3295,Rüti b. Büren
3421,Rüti b. Lyssach
3099,Rüti b. Riggisberg
8630,Rüti Bahnhof SBB
8782,Rüti GL
8630,Rüti ZH
8630,Rüti ZH Zustellung
5406,Rütihof
6441,Rütli
4933,Rütschelen
8471,Rutschwil (Dägerlen)
4522,Rüttenen
6977,Ruvigliana
6592,S. Antonino
6583,S. Antonio (Val Morobbia)
7174,S. Benedetg
6565,S. Bernardino
7741,S. Carlo (Poschiavo)
6690,S. Carlo (Val Bavona)
6575,S. Nazzaro
6854,S. Pietro
6534,S. Vittore
3792,Saanen
3777,Saanenmöser
7247,Saas im Prättigau
3905,Saas-Almagell
3908,Saas-Balen
3906,Saas-Fee
3910,Saas-Grund
6072,Sachseln
1996,Saclentz (Nendaz)
5745,Safenwil
7107,Safien Platz
2553,Safnern
6839,Sagno
7152,Sagogn
2732,Saicourt
2350,Saignelégier
1913,Saillon
6954,Sala Capriasca
8493,Saland
1585,Salavaux
8268,Salenstein
1625,Sâles (Gruyère)
9465,Salez
3970,Salgesch
1991,Salins
8599,Salmsach
6872,Salorino
7462,Salouf
1922,Salvan
1794,Salvenach
7503,Samedan
7503,Samedan Zustellung
7563,Samnaun Dorf
7562,Samnaun-Compatsch
8833,Samstagern
1738,Sangernboden
7320,Sargans
7320,Sargans Zustellung
3049,Säriswil
5614,Sarmenstorf
7423,Sarn
6060,Sarnen
6061,Sarnen 1
6060,Sarnen 2
6060,Sarnen 2 Büntenpark
6060,Sarnen 2 Zustellung
1948,Sarreyer
1683,Sarzens
1534,Sassel
1242,Satigny
6417,Sattel
1189,Saubraz
2873,Saulcy
2063,Saules
2732,Saules BE
2065,Savagnier
1965,Savièse
1965,Savièse Distribution
1073,Savigny
7460,Savognin
6942,Savosa
9468,Sax
3813,Saxeten
1907,Saxon
1966,Saxonne (Ayent)
7202,Says
6951,Scareglia
9494,Schaan BZ GKS
9112,Schachen b. Herisau
9414,Schachen b. Reute
6105,Schachen LU
8200,Schaffhausen
8201,Schaffhausen
8202,Schaffhausen
8203,Schaffhausen
8204,Schaffhausen
8205,Schaffhausen
8207,Schaffhausen
8208,Schaffhausen
8200,Schaffhausen 1 Zust
8210,Schaffhausen Dist Ba
8200,Schaffhausen PF
3415,Schafhausen im Emmental
5503,Schafisheim
3314,Schalunen
7525,S-chanf
6197,Schangnau
8718,Schänis
7412,Scharans
3722,Scharnachtal
6467,Schattdorf
3860,Schattenhalb
7419,Scheid
2827,Schelten
6214,Schenkon
5246,Scherz
8596,Scherzingen
3305,Scheunen
2556,Scheuren
7220,Schiers
8834,Schindellegi
5116,Schinznach Bad
5107,Schinznach Dorf
7168,Schlans
8418,Schlatt b. Winterthur
8252,Schlatt TG
8255,Schlattingen
8165,Schleinikon
8226,Schleitheim
6231,Schlierbach
8952,Schlieren
8952,Schlieren DocumentServices
8952,Schlieren LC GK
8952,Schlieren Zustellung
3098,Schliern b. Köniz
5044,Schlossrued
3082,Schlosswil
7151,Schluein
8716,Schmerikon
3464,Schmidigen-Mühleweg
8495,Schmidrüti
9565,Schmidshof
5046,Schmiedrued
5046,Schmiedrued-Walde
7493,Schmitten (Albula)
3185,Schmitten FR
7130,Schnaus
5425,Schneisingen
3253,Schnottwil
8581,Schocherswil
8165,Schöfflisdorf
5040,Schöftland
3321,Schönbühl Einkaufszentrum
8585,Schönenbaumgarten
9215,Schönenberg an der Thur
8824,Schönenberg ZH
4124,Schönenbuch
9105,Schönengrund
5012,Schönenwerd
5012,Schönenwerd Zustellung
6288,Schongau
8577,Schönholzerswilen
3778,Schönried
6247,Schötz
8862,Schübelbach
7228,Schuders
3535,Schüpbach
4325,Schupfart
3054,Schüpfen
6170,Schüpfheim
6170,Schüpfheim Zustellung
5326,Schwaderloch
2556,Schwadernau
3657,Schwanden (Sigriswil)
3855,Schwanden b. Brienz
8762,Schwanden GL
8762,Schwanden GL Zustellung
3433,Schwanden im Emmental
8762,Schwändi b. Schwanden
4953,Schwarzenbach (Huttwil)
6215,Schwarzenbach Beromünster
9536,Schwarzenbach SG
6103,Schwarzenberg LU
3150,Schwarzenburg
3150,Schwarzenburg Zustellung
3616,Schwarzenegg
4911,Schwarzhäusern
1716,Schwarzsee
9223,Schweizersholz
9103,Schwellbrunn
9057,Schwende
3757,Schwenden im Diemtigtal
7325,Schwendi im Weisstannental
3624,Schwendibach
8603,Schwerzenbach
8609,Schwerzenbach
6430,Schwyz
6431,Schwyz
6430,Schwyz Dist Fil
6430,Schwyz Kantonalbank
6430,Schwyz Zustellung
6838,Scudellate
7550,Scuol
7550,Scuol Zustellung
1554,Sédeilles
7188,Sedrun
3365,Seeberg
3267,Seedorf BE
6462,Seedorf UR
2747,Seehof
6377,Seelisberg
5707,Seengen
4206,Seewen SO
6423,Seewen SZ
3256,Seewil
7212,Seewis Dorf
7214,Seewis-Pardisla
7214,Seewis-Schmitten
3662,Seftigen
7186,Segnas
1525,Seigneux
1470,Seiry
2888,Seleute
3989,Selkingen
6545,Selma
4411,Seltisberg
2545,Selzach
1933,Sembrancher
6514,Sementina
6714,Semione
6204,Sempach
6204,Sempach Stadt
6203,Sempach Station
1623,Semsales
1304,Senarclens
1724,Senèdes
8482,Sennhof (Winterthur)
9466,Sennwald
7554,Sent
5703,Seon
5703,Seon Zustellung
6836,Serfontana
1355,Sergey
7249,Serneus
6867,Serpiano
1077,Servion
6832,Seseglio
6997,Sessa
8472,Seuzach
8472,Seuzach Zustellung
1541,Sévaz
9475,Sevelen
1141,Sévery
7127,Sevgein
7742,Sfazù
7157,Siat
8225,Siblingen
8854,Siebnen
8854,Siebnen Zustellung
8573,Siegershausen
3960,Sierre
3960,Sierre Dist Fil
3960,Sierre Distribution
5301,Siggenthal Station
6019,Sigigen
6806,Sigirino
5462,Siglistorf
3534,Signau
1966,Signèse (Ayent)
6951,Signôra
1274,Signy
1274,Signy-Centre
3655,Sigriswil
6340,Sihlbrugg
8135,Sihlbrugg Station
8135,Sihlwald
6473,Silenen
7411,Sils im Domleschg
7515,Sils/Segl Baselgia
7514,Sils/Segl Maria
7513,Silvaplana
7513,Silvaplana-Surlej
3907,Simplon Dorf
3907,Simplon Hospiz
5643,Sins
1950,Sion
1951,Sion
1950,Sion 1
1950,Sion 1 Distribution
1950,Sion 2
1950,Sion 3
1950,Sion 4
1950,Sion Base de distribution
1951,Sion Car Postal VS Léman
1950,Sion Caserne
1950,Sion Centre Logistique
8370,Sirnach
2577,Siselen BE
6452,Sisikon
4450,Sissach
4450,Sissach Zustellung
4334,Sisseln AG
8589,Sitterdorf
1997,Siviez (Nendaz)
1678,Siviriez
6562,Soazza
6749,Sobrio
7610,Soglio
6600,Solduno
4500,Solothurn
4501,Solothurn
4502,Solothurn
4503,Solothurn
4509,Solothurn
4500,Solothurn 1
4500,Solothurn 1 Zustellung
4500,Solothurn Bahnhof SBB
6872,Somazzo
6674,Someo
1688,Sommentier
8580,Sommeri
2605,Sonceboz-Sombeval
9245,Sonnental
6637,Sonogno
8564,Sonterswil
6968,Sonvico
2615,Sonvilier
8762,Sool
1286,Soral
6174,Sörenberg
6924,Sorengo
1642,Sorens
2716,Sornetan
2736,Sorvilier
1062,Sottens
2887,Soubey
2748,Souboz
2864,Soulce
2805,Soyhières
9042,Speicher
9037,Speicherschwendi
3095,Spiegel b. Bern
3700,Spiez
3700,Spiez Zustellung
3700,Spiezwiler
6464,Spiringen
7435,Splügen
8957,Spreitenbach
8957,Spreitenbach Zustellung
6663,Spruga
1713,St. Antoni
7246,St. Antönien
6212,St. Erhard
9000,St. Gallen
9001,St. Gallen
9004,St. Gallen
9006,St. Gallen
9007,St. Gallen
9008,St. Gallen
9009,St. Gallen
9010,St. Gallen
9011,St. Gallen
9012,St. Gallen
9013,St. Gallen
9014,St. Gallen
9015,St. Gallen
9016,St. Gallen
9020,St. Gallen
9022,St. Gallen
9000,St. Gallen 1 Zustellung
9014,St. Gallen 14 Zustellung
9016,St. Gallen 16 Zustellung
9008,St. Gallen 8 Zustellung
9028,St. Gallen Cornelia Versand
9000,St. Gallen Dist Ba
9000,St. Gallen Kaserne
9026,St. Gallen Künzler AG
9027,St. Gallen Mona Versand
9001,St. Gallen Postauto SG-Azel
9025,St. Gallen Quelle
9029,St. Gallen Sonderdienste
8735,St. Gallenkappel
3942,St. German
9543,St. Margarethen TG
9430,St. Margrethen SG
9430,St. Margrethen SG Zust
7313,St. Margrethenberg
7116,St. Martin (Lugnez)
7500,St. Moritz
7500,St. Moritz 1
7500,St. Moritz 1 Zustellung
7500,St. Moritz 3
3924,St. Niklaus VS
6005,St. Niklausen LU
6066,St. Niklausen OW
4421,St. Pantaleon
9225,St. Pelagiberg
7028,St. Peter
9127,St. Peterzell
1736,St. Silvester
3772,St. Stephan
3772,St. Stephan Zustellung
4915,St. Urban
1717,St. Ursen
9024,St.Gallen Presse-Serv. Güll
6541,Sta. Maria in Calanca
7536,Sta. Maria Val Müstair
9422,Staad SG
6855,Stabio
9320,Stachen
8404,Stadel (Winterthur)
8174,Stadel b. Niederglatt
8712,Stäfa
8712,Stäfa Zustellung
5053,Staffelbach
6063,Stalden (Sarnen)
3922,Stalden VS
3933,Staldenried
8143,Stallikon
7605,Stampa
6370,Stans
6371,Stans
6370,Stans Dist Fil
6370,Stans Kaserne
6370,Stans Zustellung
6362,Stansstad
4656,Starrkirch-Wil
1566,St-Aubin FR
2024,St-Aubin-Sauges
5603,Staufen
1040,St-Barthélemy VD
2072,St-Blaise
2874,St-Brais
1264,St-Cergue
1410,St-Cierges
3824,Stechelberg
8266,Steckborn
1450,Ste-Croix
1450,Ste-Croix Distribution
3612,Steffisburg
3613,Steffisburg
3612,Steffisburg 1 Zustellung
3613,Steffisburg 2 Station Zuste
8496,Steg im Tösstal
3940,Steg VS
3940,Steg-Gampel
9503,Stehrenberg
4332,Stein AG
8260,Stein am Rhein
8260,Stein am Rhein 1
8260,Stein am Rhein 1 Zustellung
8260,Stein am Rhein 2 Stadt
9063,Stein AR
9655,Stein SG
9323,Steinach
9314,Steinebrunn
6422,Steinen
6422,Steinen Zustellung
6416,Steinerberg
3995,Steinhaus
6312,Steinhausen
6312,Steinhausen Zustellung
4556,Steinhof SO
6114,Steinhuserberg
8162,Steinmaur
7226,Stels
8499,Sternenberg
5608,Stetten AG
8234,Stetten SH
9507,Stettfurt
3066,Stettlen
1188,St-George
1965,St-Germain (Savièse)
1898,St-Gingolph
7459,Stierva
5233,Stilli
2610,St-Imier
2610,St-Imier Distribution
3961,St-Jean VS
1806,St-Légier Dist Fil
1806,St-Légier/Blonay Dist
1806,St-Légier-La Chiésaz
1958,St-Léonard
1176,St-Livres
3961,St-Luc
1609,St-Martin FR
1969,St-Martin VS
1890,St-Maurice
1890,St-Maurice Caserne
6433,Stoos SZ
1187,St-Oyens
1955,St-Pierre-de-Clages
1162,St-Prex
1162,St-Prex Distribution
7558,Strada
4802,Strengelbach
1966,St-Romain (Ayent)
1071,St-Saphorin (Lavaux)
1113,St-Saphorin-sur-Morges
1975,St-Séverin
2123,St-Sulpice NE
1025,St-Sulpice VD
1867,St-Triphon
2557,Studen BE
8845,Studen SZ
7482,Stugl/Stuls
2882,St-Ursanne
4655,Stüsslingen
3262,Suberg
4553,Subingen
1433,Suchy
3618,Süderen
1969,Suen (St-Martin)
7434,Sufers
1786,Sugiez
1043,Sugnens
5034,Suhr
5034,Suhr Zustellung
8583,Sulgen
1036,Sullens
5085,Sulz AG
6284,Sulz LU
8614,Sulzbach
3454,Sumiswald
3454,Sumiswald Zustellung
7421,Summaprada
7175,Sumvitg
3800,Sundlauenen
7456,Sur
7472,Surava
7115,Surcasti
7138,Surcuolm
7148,Surin
1528,Surpierre
7173,Surrein
6210,Sursee
6210,Sursee Bahnhof SBB
6210,Sursee Zustellung
1437,Suscévaz
7542,Susch
3952,Susten
2572,Sutz
1510,Syens
1712,Tafers
8317,Tagelswangen
5522,Tägerig
9554,Tägerschen
3111,Tägertschi
8274,Tägerwilen
7015,Tamins
8632,Tann
1295,Tannay
7553,Tarasp
7422,Tartar
1180,Tartegnin
3929,Täsch
1617,Tatroz
2575,Täuffelen
7162,Tavanasa
2710,Tavannes
2710,Tavannes Distribution
6807,Taverne
4492,Tecknau
5306,Tegerfelden
6652,Tegna
6598,Tenero
7106,Tenna
4456,Tenniken
5617,Tennwil
1734,Tentlingen
3912,Termen
6998,Termine
1820,Territet
1820,Territet-Veytaux
7116,Tersnaus
6950,Tesserete
9053,Teufen AR
9053,Teufen AR Zustellung
8428,Teufen ZH
5723,Teufenthal AG
3623,Teuffenthal b. Thun
9425,Thal
5112,Thalheim AG
8478,Thalheim an der Thur
7109,Thalkirch
8800,Thalwil
8800,Thalwil Bahnhof SBB
8801,Thalwil Fächer
8800,Thalwil Zustellung
8240,Thayngen
8240,Thayngen Zustellung
8484,Theilingen
4106,Therwil
4106,Therwil Shell
4106,Therwil Zustellung
2075,Thielle
3634,Thierachern
1410,Thierrens
1226,Thônex
3367,Thörigen
3174,Thörishaus
3600,Thun
3601,Thun
3602,Thun
3603,Thun
3604,Thun
3605,Thun
3607,Thun
3608,Thun
3609,Thun
3600,Thun 2
3600,Thun 2 Zustellung
3600,Thun Dist Ba
8512,Thundorf
4922,Thunstetten
4441,Thürnen
7430,Thusis
7430,Thusis Zustellung
1988,Thyon
1988,Thyon-Les Collons
7450,Tiefencastel
7453,Tinizong
4425,Titterten
9555,Tobel
3125,Toffen
1131,Tolochenaz
8577,Toos
3923,Törbel
1899,Torgon
1748,Torny-le-Grand
6717,Torre
6808,Torricella
3456,Trachselwald
8840,Trachslau
2720,Tramelan
2720,Tramelan Distribution
7407,Trans
8219,Trasadingen
2105,Travers
3226,Treiten
1270,Trélex
6865,Tremona
1552,Trey
1436,Treycovagnes
1626,Treyfayes
1538,Treytorrens (Payerne)
1733,Treyvaux
8273,Triboltingen
6234,Triengen
1929,Trient
4632,Trimbach
4632,Trimbach Zustellung
7203,Trimmis
3083,Trimstein
7014,Trin
7016,Trin Mulin
9043,Trogen
1969,Trogne (St-Martin)
1256,Troinex
1872,Troistorrents
3556,Trub
9477,Trübbach
3555,Trubschachen
8466,Trüllikon
7166,Trun
8467,Truttikon
7428,Tschappina
4576,Tscheppach
8881,Tscherlach
7064,Tschiertschen
7532,Tschierv
3656,Tschingel ob Gunten
7559,Tschlin
3233,Tschugg
9327,Tübach
8856,Tuggen
7418,Tumegl/Tomils
3781,Turbach
8488,Turbenthal
8488,Turbenthal Zustellung
5300,Turgi
1991,Turin (Salins)
3946,Turtmann
2512,Tüscherz-Alfermée
9546,Tuttwil
2513,Twann
6044,Udligenswil
3182,Ueberstorf
3635,Uebeschi
5028,Ueken
8713,Uerikon
4813,Uerkheim
8537,Uerschhausen
8926,Uerzlikon
8524,Uesslingen
3661,Uetendorf
3661,Uetendorf Zustellung
8707,Uetikon am See
8143,Uetliberg
8738,Uetliburg SG
3043,Uettligen
5619,Uezwil
6253,Uffikon
6153,Ufhusen
8248,Uhwiesen
8142,Uitikon Waldegg
8142,Uitikon Waldegg Zustellung
9631,Ulisbach
3214,Ulmiz
3988,Ulrichen
5222,Umiken
2863,Undervelier
6314,Unterägeri
6314,Unterägeri Zustellung
3857,Unterbach BE
3944,Unterbäch VS
5224,Unterbözberg
9033,Untereggen
3948,Unterems
5305,Unterendingen
8103,Unterengstringen
5035,Unterentfelden
8842,Unteriberg
5726,Unterkulm
5726,Unterkulm Zustellung
3614,Unterlangenegg
8918,Unterlunkhofen
4588,Unterramsern
9604,Unterrindal
6465,Unterschächen
3800,Unterseen
5417,Untersiggenthal
8476,Unterstammheim
4916,Untersteckholz
8882,Unterterzen
7204,Untervaz
7201,Untervaz Bahnhof
9657,Unterwasser
7114,Uors (Lumnezia)
8902,Urdorf
8901,Urdorf Astron Cominformatic
8902,Urdorf Dist Ba
8902,Urdorf GKA
7427,Urmein
9107,Urnäsch
8751,Urnerboden
4937,Ursenbach
1412,Ursins
6280,Urswil
1670,Ursy
3322,Urtenen-Schönbühl
3322,Urtenen-Schönbühl Zust
8610,Uster
8610,Uster 1
8610,Uster 1 Zustellung
8612,Uster 2
8613,Uster 3
3628,Uttigen
8592,Uttwil
3427,Utzenstorf
3068,Utzigen
1958,Uvrier
8730,Uznach
8730,Uznach Postauto Linth-SZ-GL
8740,Uznach Vögele Versandhaus
8730,Uznach Zustellung
9240,Uzwil
9240,Uzwil Zustellung
6833,Vacallo
7314,Vadura
6947,Vaglio
6575,Vairano
2042,Valangin
7077,Valbella
7535,Valchava
1873,Val-d'Illiez
7122,Valendas
7317,Valens
1441,Valeyres-sous-Montagny
1358,Valeyres-sous-Rances
1412,Valeyres-sous-Ursins
1586,Vallamand
1565,Vallon
1337,Vallorbe
7132,Vals
7213,Valzeina
1253,Vandoeuvres
3953,Varen
6777,Varenzo
7317,Vasön
7315,Vättis
7146,Vattiz
1675,Vauderens
2537,Vauffelin
1423,Vaugondry
1325,Vaulion
1627,Vaulruz
2028,Vaumarcus
1126,Vaux-sur-Morges
7082,Vaz/Obervaz
7144,Vella
2830,Vellerat
5106,Veltheim AG
2943,Vendlincourt
1933,Vens (Sembrancher)
3973,Venthône
1936,Verbier
3967,Vercorin
6538,Verdabbio
6655,Verdasio
6664,Vergeletto
2829,Vermes
1961,Vernamiège
6992,Vernate
1904,Vernayaz
1214,Vernier
1214,Vernier Distribution
1891,Vérossaz
7104,Versam
1551,Vers-chez-Perrin
6653,Verscio
1947,Versegères
1864,Vers-l'Eglise
1290,Versoix
1290,Versoix Distribution
1222,Vésenaz
1222,Vésenaz Distribution
1483,Vesin
1234,Vessy
1963,Vétroz
1800,Vevey
1800,Vevey 1
1800,Vevey 1 Distribution
1800,Vevey 2
1811,Vevey Services spéciaux
1981,Vex
3968,Veyras
1255,Veyrier
1993,Veysonnaz
1820,Veytaux
6943,Vezia
6938,Vezio
7747,Viano
1267,Vich
1267,Vich-Coinsins
1945,Vichères (Liddes)
6921,Vico Morcote
7603,Vicosoprano
2824,Vicques
6962,Viganello
6962,Viganello Distribuzione
7147,Vignogn
2063,Vilars NE
1966,Villa (Ayent)
6781,Villa Bedretto
6966,Villa Luganese
1679,Villaraboud
1652,Villarbeney
1832,Villard-sur-Chamby
1583,Villarepos
1694,Villargiroud
1685,Villariaz
1691,Villarimboud
1695,Villarlod
1148,Villars-Bozon
1682,Villars-Bramard
1423,Villars-Burquin
1695,Villarsel-le-Gibloux
1723,Villarsel-sur-Marly
1404,Villars-Epeney
1694,Villarsiviriaux
1515,Villars-le-Comte
1584,Villars-le-Grand
1040,Villars-le-Terroir
1061,Villars-Mendraz
1443,Villars-sous-Champvent
1666,Villars-sous-Mont
1168,Villars-sous-Yens
1029,Villars-Ste-Croix
2903,Villars-sur-Fontenais
1752,Villars-sur-Glâne
1752,Villars-sur-Glâne 1
1752,Villars-sur-Glâne 2
1752,Villars-sur-Glâne Dist
1884,Villars-sur-Ollon
1058,Villars-Tiercelin
1651,Villarvolard
1555,Villarzel
1690,Villaz-St-Pierre
1527,Villeneuve FR
1844,Villeneuve VD
1844,Villeneuve VD Distribution
2613,Villeret
1096,Villette (Lavaux)
1934,Villette (Le Châble VS)
2057,Villiers
5234,Villigen
5232,Villigen PSI
5612,Villmergen
5213,Villnachern
7324,Vilters
3234,Vinelz
1184,Vinzel
1895,Vionnaz
6574,Vira (Gambarogno)
3930,Visp
3930,Visp Bahnhof SBB
3930,Visp Zustellung
3932,Visperterminen
3961,Vissoie
6354,Vitznau
7557,Vnà
6632,Vogorno
8459,Volken
8604,Volketswil
8604,Volketswil Zustellung
1941,Vollèges
4803,Vordemwald
8857,Vorderthal
1896,Vouvry
7149,Vrin
1628,Vuadens
1674,Vuarmarens
1418,Vuarrens
1509,Vucherens
1302,Vufflens-la-Ville
1134,Vufflens-le-Château
1431,Vugelles-La Mothe
1610,Vuibroye
1633,Vuippens
1486,Vuissens
1687,Vuisternens-devant-Romont
1696,Vuisternens-en-Ogoz
1445,Vuiteboeuf
1085,Vulliens
1115,Vullierens
7552,Vulpera
3084,Wabern
3085,Wabern 2 x Weihnachten
3084,Wabern Zustellung
8820,Wädenswil
8820,Wädenswil Bahnhof SBB
8820,Wädenswil Dist Ba
8820,Wädenswil Zustellung
8646,Wagen
8259,Wagenhausen
8564,Wagerswil
4246,Wahlen b. Laufen
3046,Wahlendorf
6318,Walchwil
9044,Wald AR
8636,Wald ZH
8636,Wald ZH Zustellung
5046,Walde AG
8727,Walde SG
4437,Waldenburg
5624,Waldhäusern AG
8564,Wäldi
9205,Waldkirch
9104,Waldstatt
8880,Walenstadt
8881,Walenstadtberg
3512,Walkringen
4323,Wallbach
3206,Wallenbuch
1784,Wallenried
8360,Wallenwil
8304,Wallisellen
8304,Wallisellen Zustellung
3380,Walliswil b. Niederbipp
3377,Walliswil b. Wangen
3272,Walperswil
8468,Waltalingen
7158,Waltensburg/Vuorz
5622,Waltenschwil
4942,Walterswil BE
5746,Walterswil SO
9428,Walzenhausen
3380,Wangen a. A. Kaserne
3380,Wangen an der Aare
8602,Wangen b. Dübendorf
4612,Wangen b. Olten
4612,Wangen b.Olten Zustellung
8855,Wangen SZ
3374,Wangenried
9545,Wängi
9545,Wängi Zustellung
7323,Wangs
3372,Wanzwil
8532,Warth
3457,Wasen im Emmental
6484,Wassen UR
9057,Wasserauen
8195,Wasterkingen
8105,Watt
3665,Wattenwil
9630,Wattwil
9630,Wattwil Zustellung
6242,Wauwil
2075,Wavre
8872,Weesen
4317,Wegenstetten
6353,Weggis
8187,Weiach
3462,Weier im Emmental
8570,Weinfelden
8570,Weinfelden Zustellung
9508,Weingarten-Kalthäusern
8532,Weiningen TG
8104,Weiningen ZH
9057,Weissbad
3764,Weissenburg
4515,Weissenstein b. Solothurn
8484,Weisslingen
7326,Weisstannen
9476,Weite
4716,Welschenrohr
3823,Wengen
3251,Wengi b. Büren
3714,Wengi b. Frutigen
4493,Wenslingen
9470,Werdenberg
7433,Wergenstein
8615,Wermatswil
8342,Wernetshausen
6106,Werthenstein
5430,Wettingen
5430,Wettingen 1
5430,Wettingen 1 Zustellung
5430,Wettingen 2
5430,Wettingen 3
5431,Wettingen Sonderdienste
8907,Wettswil
8907,Wettswil Zustellung
8512,Wetzikon TG
8620,Wetzikon ZH
8622,Wetzikon ZH
8623,Wetzikon ZH
8620,Wetzikon ZH 1
8620,Wetzikon ZH 1 Zustellung
8621,Wetzikon ZH 4
3114,Wichtrach
8967,Widen
9443,Widnau
4537,Wiedlisbach
9405,Wienacht-Tobel
7494,Wiesen GR
6383,Wiesenberg
8542,Wiesendangen
8372,Wiezikon b. Sirnach
6192,Wiggen
3053,Wiggiswil
8556,Wigoltingen
4806,Wikon
4806,Wikon Zustellung
5276,Wil AG
9500,Wil SG
9500,Wil SG 1
9501,Wil SG 1
9500,Wil SG 1 Zustellung
9500,Wil SG 2
9510,Wil SG Distributionsbasis
8196,Wil ZH
8492,Wila
8217,Wilchingen
8489,Wildberg
5103,Wildegg
8465,Wildensbuch
3812,Wilderswil
9658,Wildhaus
9225,Wilen (Gottshaus)
6062,Wilen (Sarnen)
8525,Wilen b. Neunforn
9535,Wilen b. Wil
8832,Wilen b. Wollerau
3918,Wiler (Lötschen)
3266,Wiler b. Seedorf
3428,Wiler b. Utzenstorf
3207,Wileroltigen
5058,Wiliberg
6236,Wilihof
3425,Willadingen
8846,Willerzell
6130,Willisau
6130,Willisau Zustellung
8253,Willisdorf
3752,Wimmis
9315,Winden
5210,Windisch
8175,Windlach
6235,Winikon
4558,Winistorf
8185,Winkel
8312,Winterberg ZH
4451,Wintersingen
8400,Winterthur
8401,Winterthur
8402,Winterthur
8404,Winterthur
8405,Winterthur
8406,Winterthur
8408,Winterthur
8409,Winterthur
8410,Winterthur
8411,Winterthur
8400,Winterthur 1 Zustellung
8405,Winterthur 5 Zustellung
8406,Winterthur 6 Zustellung
8408,Winterthur 8 Zustellung
8400,Winterthur Kaserne
4652,Winznau
6383,Wirzweli
4634,Wisen SO
5463,Wislikofen
9300,Wittenbach
9301,Wittenbach
9300,Wittenbach Zustellung
9547,Wittenwil
4108,Witterswil
4443,Wittinsburg
5064,Wittnau
5053,Wittwil
5610,Wohlen AG
5610,Wohlen AG 1
5610,Wohlen AG 1 Zustellung
5610,Wohlen AG 2
3033,Wohlen b. Bern
5512,Wohlenschwil
6386,Wolfenschiessen
9116,Wolfertswil
9427,Wolfhalden
8633,Wolfhausen
4704,Wolfisberg
5063,Wölflinswil
4628,Wolfwil
6110,Wolhusen
6110,Wolhusen Zustellung
8832,Wollerau
8832,Wollerau Zustellung
3076,Worb
3076,Worb Zustellung
3252,Worben
3048,Worblaufen
5012,Wöschnau
3184,Wünnewil
9514,Wuppenau
5303,Würenlingen
5436,Würenlos
4923,Wynau
3472,Wynigen
4954,Wyssachen
1169,Yens
1400,Yverdon 1 Distribution
1400,Yverdon 2
1400,Yverdon 3
1400,Yverdon car postal VD-Broye
1400,Yverdon Caserne
1400,Yverdon-les-Bains
1401,Yverdon-les-Bains
1400,Yverdon-les-Bains 1
1400,Yverdon-les-Bains Gare CFF
1462,Yvonand
1853,Yvorne
3309,Zauggenried
3532,Zäziwil
4495,Zeglingen
5079,Zeihen
4314,Zeiningen
9427,Zelg (Wolfhalden)
6144,Zell LU
8487,Zell ZH
1724,Zénauva
3934,Zeneggen
3920,Zermatt
3920,Zermatt Zustellung
7530,Zernez
5732,Zetzwil
9556,Zezikon
4417,Ziefen
8866,Ziegelbrücke
8866,Ziegelbrücke Bahnhof SBB
4564,Zielebach
7167,Zignau
8588,Zihlschlacht
7432,Zillis
3086,Zimmerwald
3961,Zinal
7205,Zizers
4800,Zofingen
4800,Zofingen Bahnhof SBB
4809,Zofingen PF UBS Verarbeitung
4800,Zofingen PostFinance
4807,Zofingen PostFinance
4808,Zofingen PostFinance
4810,Zofingen PostFinance GLKB
4809,Zofingen Postfinance UBS
4801,Zofingen Ringier AG
4800,Zofingen Zustellung
3436,Zollbrück
3436,Zollbrück Zustellung
8125,Zollikerberg
3052,Zollikofen
3052,Zollikofen Zustellung
8702,Zollikon
8702,Zollikon Dorf
8585,Zuben
9523,Züberwangen
4528,Zuchwil
9526,Zuckenriet
5621,Zufikon
6300,Zug
6301,Zug
6302,Zug
6303,Zug
6304,Zug
6300,Zug 1
6300,Zug 1 Zustellung
6304,Zug Bahnhof SBB
6310,Zug Sonderdienste
6300,Zugerberg
4234,Zullwil
1719,Zumholz
8126,Zumikon
8130,Zumikon Yves Rocher SA
8126,Zumikon Zustellung
4455,Zunzgen
7524,Zuoz
8000,Zürich
8001,Zürich
8002,Zürich
8003,Zürich
8004,Zürich
8005,Zürich
8006,Zürich
8008,Zürich
8010,Zürich
8012,Zürich
8022,Zürich
8023,Zürich
8024,Zürich
8026,Zürich
8027,Zürich
8030,Zürich
8031,Zürich
8032,Zürich
8033,Zürich
8034,Zürich
8035,Zürich
8036,Zürich
8037,Zürich
8038,Zürich
8039,Zürich
8040,Zürich
8041,Zürich
8042,Zürich
8044,Zürich
8045,Zürich
8046,Zürich
8047,Zürich
8048,Zürich
8049,Zürich
8050,Zürich
8051,Zürich
8052,Zürich
8053,Zürich
8055,Zürich
8057,Zürich
8058,Zürich
8060,Zürich
8061,Zürich
8063,Zürich
8064,Zürich
8065,Zürich
8066,Zürich
8068,Zürich
8070,Zürich
8087,Zürich
8090,Zürich
8091,Zürich
8098,Zürich
8020,Zürich 1
8021,Zürich 1
8021,Zürich 1 Sihlpost
8015,Zürich 15
8016,Zürich 16 Zustellung
8032,Zürich 32 Zustellung
8037,Zürich 37 Zustellung
8047,Zürich 47 Zustellung
8048,Zürich 48 Zustellung
8005,Zürich 5 Zustellung
8053,Zürich 53 Zustellung
8055,Zürich 55 Zustellung
8057,Zürich 57 Zustellung
8059,Zürich 59 Ausland
8059,Zürich 59 Exchange Office
8064,Zürich 64 Zustellung
8080,Zürich 80
8075,Zürich Benissimo spezial
8010,Zürich Briefzentrum
8010,Zürich BZI DE
8036,Zürich Corona
8071,Zürich CS PZ
8050,Zürich Dist Ba
8010,Zürich DocumentServices
8093,Zürich ETH-Hönggerberg
8092,Zürich ETH-Zentrum
8081,Zürich Helsana
8096,Zürich IBRS Local
8088,Zürich Jelmoli-Versand
8010,Zürich Mülligen Annahme
8010,Zürich Mülligen BZ Annahme
8011,Zürich Mülligen Scanning Center
8050,Zürich Nord Zustellung
8050,Zürich Oerlikon DB PickPost
8050,Zürich Postauto Zürich
8080,Zürich PV
8086,Zürich Reader's Digest
8099,Zürich Sonderdienste
8000,Zürich Tiefenbrunnen SBB
8085,Zürich Versicherung
8074,Zürich Voice Publishing
8080,Zürich West SPS
8010,Zürich-Mülligen BZI
4315,Zuzgen
3303,Zuzwil BE
9524,Zuzwil SG
8192,Zweidlen
3815,Zweilütschinen
3770,Zweisimmen
3770,Zweisimmen Zustellung
3645,Zwieselberg
8909,Zwillikon
4222,Zwingen
3756,Zwischenflüh
